date,MB_MW,MT_MW,MN_MW,HT_MW
2025-06-01 00:00:00,17001.766,3496.802,15004.527,35503.095
2025-06-01 01:00:00,15999.859,3344.5706,14313.352,33657.7816
2025-06-01 02:00:00,15532.213,3123.1042,13276.407,31931.7242
2025-06-01 03:00:00,14951.372,3051.524,12896.191,30899.087
2025-06-01 04:00:00,14833.934,3104.0618,12837.269,30775.2648
2025-06-01 05:00:00,15008.659,3206.3003,12788.298,31003.257299999997
2025-06-01 06:00:00,14783.797,3213.6606,12299.503,30296.960600000002
2025-06-01 07:00:00,15667.589,3148.2341,12099.935,30915.7581
2025-06-01 08:00:00,15901.578,3209.3647,12599.616,31710.5587
2025-06-01 09:00:00,16294.218,3350.267,13197.366,32841.851
2025-06-01 10:00:00,17284.06,3536.6726,13294.975,34115.7076
2025-06-01 11:00:00,17577.271,3551.628,13095.864,34224.763
2025-06-01 12:00:00,16963.53,3500.8035,12878.388,33342.7215
2025-06-01 13:00:00,16921.371,3675.7463,14028.987,34626.1043
2025-06-01 14:00:00,17365.568,3833.1763,14611.216,35809.9603
2025-06-01 15:00:00,17874.953,3863.3188,14902.251,36640.522800000006
2025-06-01 16:00:00,18034.936,3913.2344,14773.061,36721.231400000004
2025-06-01 17:00:00,18501.416,3934.4775,14228.742,36664.635500000004
2025-06-01 18:00:00,18827.223,3749.0542,13906.893,36483.1702
2025-06-01 19:00:00,18615.424,3673.378,14266.911,36555.713
2025-06-01 20:00:00,17836.477,3600.4011,14593.648,36030.526099999995
2025-06-01 21:00:00,17729.188,3724.6062,15147.637,36601.4312
2025-06-01 22:00:00,17542.602,3688.3538,14997.728,36228.6838
2025-06-01 23:00:00,17333.436,3467.4983,13998.851,34799.7853
2025-06-02 00:00:00,16270.424,3285.28,13295.8545,32851.5585
2025-06-02 01:00:00,15368.039,3026.9922,12569.237,30964.2682
2025-06-02 02:00:00,14943.052,2879.6287,11991.861,29814.5417
2025-06-02 03:00:00,14532.9375,2849.5012,11802.636,29185.074699999997
2025-06-02 04:00:00,14545.409,2903.6672,11609.529,29058.605199999998
2025-06-02 05:00:00,15169.47,3063.7393,12105.327,30338.5363
2025-06-02 06:00:00,15678.825,3217.0708,12580.617,31476.512800000004
2025-06-02 07:00:00,16766.064,3217.13,13351.366,33334.56
2025-06-02 08:00:00,17380.201,3335.6035,14997.3545,35713.159
2025-06-02 09:00:00,18476.033,3525.7068,16338.349,38340.0888
2025-06-02 10:00:00,19466.639,3792.1296,16822.422,40081.1906
2025-06-02 11:00:00,19843.83,3837.6462,16974.729,40656.2052
2025-06-02 12:00:00,19541.266,3814.7544,16995.432,40351.4524
2025-06-02 13:00:00,19421.254,3958.1372,17998.074,41377.465200000006
2025-06-02 14:00:00,20139.898,4182.3784,18907.668,43229.94440000001
2025-06-02 15:00:00,20474.484,4214.3916,19149.414,43838.289600000004
2025-06-02 16:00:00,20753.94,4171.435,19092.896,44018.271
2025-06-02 17:00:00,21021.717,4132.1685,18244.143,43398.0285
2025-06-02 18:00:00,21325.885,3928.9019,17525.41,42780.196899999995
2025-06-02 19:00:00,20974.854,3823.2444,17327.625,42125.7234
2025-06-02 20:00:00,20005.691,3752.0225,17607.87,41365.58349999999
2025-06-02 21:00:00,19709.377,3933.0776,17777.87,41420.3246
2025-06-02 22:00:00,19474.822,3890.668,17261.016,40626.506
2025-06-02 23:00:00,19246.047,3713.058,16462.777,39421.882
2025-06-03 00:00:00,17939.209,3562.1233,15809.331,37310.6633
2025-06-03 01:00:00,17257.639,3361.3574,15066.847,35685.8434
2025-06-03 02:00:00,17025.555,3233.3828,14265.648,34524.5858
2025-06-03 03:00:00,16289.862,3185.894,14103.928,33579.683999999994
2025-06-03 04:00:00,16503.215,3255.0962,14122.137,33880.4482
2025-06-03 05:00:00,16482.602,3420.4583,14387.769,34290.8293
2025-06-03 06:00:00,16774.533,3432.748,14445.79,34653.070999999996
2025-06-03 07:00:00,18177.033,3466.251,15234.447,36877.731
2025-06-03 08:00:00,18597.129,3668.7615,16630.15,38896.0405
2025-06-03 09:00:00,19726.035,3892.9067,17844.193,41463.134699999995
2025-06-03 10:00:00,20277.95,4061.448,17935.826,42275.224
2025-06-03 11:00:00,20618.516,4105.28,17970.121,42693.917
2025-06-03 12:00:00,20669.291,4103.6577,17953.922,42726.8707
2025-06-03 13:00:00,20281.709,4231.3887,18722.059,43235.1567
2025-06-03 14:00:00,20812.828,4453.8867,19555.55,44822.2647
2025-06-03 15:00:00,21585.58,4502.408,19897.934,45985.922000000006
2025-06-03 16:00:00,21716.264,4480.296,20025.955,46222.515
2025-06-03 17:00:00,21614.533,4377.9834,18739.248,44731.7644
2025-06-03 18:00:00,21964.23,4220.2593,17861.738,44046.2273
2025-06-03 19:00:00,21281.543,4044.5527,17622.48,42948.5757
2025-06-03 20:00:00,20502.348,4037.1326,17499.406,42038.8866
2025-06-03 21:00:00,20043.146,4165.031,17937.393,42145.57
2025-06-03 22:00:00,19863.287,4099.763,17523.588,41486.638
2025-06-03 23:00:00,19597.18,3901.5137,16431.098,39929.7917
2025-06-04 00:00:00,18350.0,3711.8232,15729.798,37791.6212
2025-06-04 01:00:00,17495.215,3493.9966,14982.254,35971.465599999996
2025-06-04 02:00:00,16806.143,3340.865,14222.07,34369.078
2025-06-04 03:00:00,16553.5,3311.6824,14104.86,33970.042400000006
2025-06-04 04:00:00,16336.493,3355.178,13891.476,33583.147000000004
2025-06-04 05:00:00,16414.566,3477.6997,13984.402,33876.6677
2025-06-04 06:00:00,16966.64,3528.785,14328.239,34823.664
2025-06-04 07:00:00,17941.613,3553.0432,14893.909,36388.5652
2025-06-04 08:00:00,18773.486,3713.0234,16117.698,38604.2074
2025-06-04 09:00:00,19326.676,3941.1245,17158.666,40426.466499999995
2025-06-04 10:00:00,20194.898,4118.4146,17491.441,41804.7536
2025-06-04 11:00:00,20666.35,4188.365,17487.598,42342.312999999995
2025-06-04 12:00:00,20539.914,4117.9614,17395.523,42053.398400000005
2025-06-04 13:00:00,20388.164,4235.3228,18198.23,42821.716799999995
2025-06-04 14:00:00,20842.598,4417.751,19027.656,44288.005000000005
2025-06-04 15:00:00,21398.484,4463.791,19510.752,45373.027
2025-06-04 16:00:00,21528.469,4431.3945,19222.043,45181.9065
2025-06-04 17:00:00,21416.58,4378.075,18214.04,44008.69500000001
2025-06-04 18:00:00,21594.615,4217.458,17354.283,43166.356
2025-06-04 19:00:00,21006.48,4019.6997,17063.604,42089.7837
2025-06-04 20:00:00,20364.98,3972.1084,17285.465,41622.553400000004
2025-06-04 21:00:00,20009.438,4110.4873,17668.635,41788.5603
2025-06-04 22:00:00,19846.42,4119.219,17519.559,41485.198000000004
2025-06-04 23:00:00,19526.205,3890.7026,16503.857,39920.7646
2025-06-05 00:00:00,18260.076,3686.8943,15527.68,37474.6503
2025-06-05 01:00:00,17141.729,3498.1528,14686.776,35326.6578
2025-06-05 02:00:00,16992.367,3364.8699,14216.925,34574.1619
2025-06-05 03:00:00,16114.603,3174.6018,13451.823,32741.0278
2025-06-05 04:00:00,16330.822,3252.9944,13550.672,33134.4884
2025-06-05 05:00:00,16246.427,3373.4207,13794.774,33414.621699999996
2025-06-05 06:00:00,16828.96,3510.5862,14011.986,34351.5322
2025-06-05 07:00:00,17725.057,3530.3315,14492.922,35748.3105
2025-06-05 08:00:00,18468.932,3710.2114,15814.361,37993.504400000005
2025-06-05 09:00:00,19613.59,4008.0327,17053.322,40674.9447
2025-06-05 10:00:00,20369.209,4184.314,17276.3,41829.823000000004
2025-06-05 11:00:00,20715.885,4217.511,17561.836,42495.232
2025-06-05 12:00:00,20223.123,4125.723,17066.68,41415.526
2025-06-05 13:00:00,20179.174,4318.001,18240.842,42738.017
2025-06-05 14:00:00,20772.908,4532.2275,19080.041,44385.1765
2025-06-05 15:00:00,21348.316,4588.431,19423.494,45360.240999999995
2025-06-05 16:00:00,21229.06,4562.574,19265.71,45057.344
2025-06-05 17:00:00,21320.693,4447.7495,18266.44,44034.88249999999
2025-06-05 18:00:00,21692.875,4311.805,17577.314,43581.994
2025-06-05 19:00:00,20953.17,4070.538,17479.762,42503.47
2025-06-05 20:00:00,20462.4,4164.211,17776.432,42403.043000000005
2025-06-05 21:00:00,20279.543,4266.845,18134.152,42680.54
2025-06-05 22:00:00,19833.783,4239.785,17516.51,41590.077999999994
2025-06-05 23:00:00,19389.492,4007.6365,16691.197,40088.3255
2025-06-06 00:00:00,18071.768,3807.5134,15759.444,37638.725399999996
2025-06-06 01:00:00,16909.9,3556.6536,14923.872,35390.4256
2025-06-06 02:00:00,16745.73,3389.1814,14480.948,34615.8594
2025-06-06 03:00:00,15801.172,3242.5286,13931.389,32975.0896
2025-06-06 04:00:00,16104.16,3291.0464,13931.917,33327.1234
2025-06-06 05:00:00,16171.411,3425.5234,14058.791,33655.725399999996
2025-06-06 06:00:00,16325.712,3468.196,14210.1875,34004.095499999996
2025-06-06 07:00:00,17720.447,3546.762,14858.395,36125.604
2025-06-06 08:00:00,18553.066,3763.4111,16477.7,38794.1771
2025-06-06 09:00:00,19287.646,4013.3052,17470.615,40771.5662
2025-06-06 10:00:00,20283.69,4222.734,17719.248,42225.672
2025-06-06 11:00:00,20137.889,4268.3604,17341.857,41748.106400000004
2025-06-06 12:00:00,20205.174,4241.455,17281.457,41728.085999999996
2025-06-06 13:00:00,20014.53,4356.9595,18173.818,42545.307499999995
2025-06-06 14:00:00,20647.746,4612.4526,19105.4,44365.5986
2025-06-06 15:00:00,21101.062,4582.7847,19730.7,45414.546700000006
2025-06-06 16:00:00,21357.623,4644.9087,19663.877,45666.4087
2025-06-06 17:00:00,21113.41,4401.578,18477.193,43992.181
2025-06-06 18:00:00,21335.35,4261.462,17601.621,43198.433
2025-06-06 19:00:00,20447.19,4035.0256,17275.049,41757.264599999995
2025-06-06 20:00:00,19770.203,4094.3647,17497.066,41361.6337
2025-06-06 21:00:00,19514.902,4211.3794,17968.303,41694.5844
2025-06-06 22:00:00,19290.895,4214.3555,17566.889,41072.139500000005
2025-06-06 23:00:00,18722.26,3939.3137,16610.252,39271.8257
2025-06-07 00:00:00,17350.574,3720.0454,15688.35,36758.9694
2025-06-07 01:00:00,16293.495,3530.275,14700.576,34524.346
2025-06-07 02:00:00,16023.971,3397.2754,14081.021,33502.2674
2025-06-07 03:00:00,15467.488,3286.2893,13748.949,32502.7263
2025-06-07 04:00:00,15666.633,3290.5452,13497.731,32454.9092
2025-06-07 05:00:00,15591.483,3443.968,13653.148,32688.599000000002
2025-06-07 06:00:00,16211.642,3586.2046,13956.173,33754.0196
2025-06-07 07:00:00,17245.504,3562.7664,14360.88,35169.1504
2025-06-07 08:00:00,17765.488,3726.6606,15807.54,37299.6886
2025-06-07 09:00:00,18553.213,3923.2983,16635.484,39111.995299999995
2025-06-07 10:00:00,19673.098,4078.8865,16691.201,40443.18550000001
2025-06-07 11:00:00,19681.07,4146.1714,16867.332,40694.573399999994
2025-06-07 12:00:00,19647.238,4095.8135,16758.064,40501.1155
2025-06-07 13:00:00,19588.492,4251.8047,17525.121,41365.4177
2025-06-07 14:00:00,19970.672,4422.634,18457.951,42851.257
2025-06-07 15:00:00,20357.598,4356.669,18597.686,43311.953
2025-06-07 16:00:00,20478.129,4359.3223,18406.955,43244.4063
2025-06-07 17:00:00,20327.547,4183.7227,17229.04,41740.3097
2025-06-07 18:00:00,20366.477,3992.5469,16048.114,40407.1379
2025-06-07 19:00:00,19600.34,3879.7717,15860.378,39340.489700000006
2025-06-07 20:00:00,18710.66,3783.4592,15955.64,38449.7592
2025-06-07 21:00:00,18624.062,4040.4832,16705.34,39369.885200000004
2025-06-07 22:00:00,18318.791,3971.051,16804.81,39094.652
2025-06-07 23:00:00,18392.344,3843.552,15839.76,38075.656
2025-06-08 00:00:00,16955.62,3611.4458,14902.954,35470.0198
2025-06-08 01:00:00,15846.174,3350.3733,13787.18,32983.7273
2025-06-08 02:00:00,15746.322,3256.0972,13458.934,32461.353199999998
2025-06-08 03:00:00,14778.652,3046.3447,12862.21,30687.2067
2025-06-08 04:00:00,15194.09,3177.0798,13290.884,31662.0538
2025-06-08 05:00:00,15134.592,3272.6843,12916.856,31324.1323
2025-06-08 06:00:00,15366.647,3341.3037,12874.705,31582.655700000003
2025-06-08 07:00:00,16056.031,3261.1335,12662.976,31980.1405
2025-06-08 08:00:00,16219.314,3305.6028,13012.292,32537.2088
2025-06-08 09:00:00,16802.613,3480.4243,13810.376,34093.4133
2025-06-08 10:00:00,17540.867,3632.0483,13533.591,34706.506299999994
2025-06-08 11:00:00,17652.707,3687.3206,13456.796,34796.823599999996
2025-06-08 12:00:00,17332.357,3609.6367,13067.401,34009.3947
2025-06-08 13:00:00,17201.83,3758.8328,14177.699,35138.3618
2025-06-08 14:00:00,17892.72,3980.459,15112.266,36985.445
2025-06-08 15:00:00,18149.607,3979.392,15323.391,37452.39
2025-06-08 16:00:00,18483.87,4039.6968,15501.2705,38024.8373
2025-06-08 17:00:00,18961.865,3981.302,14933.979,37877.146
2025-06-08 18:00:00,19166.578,3799.1118,14340.03,37305.7198
2025-06-08 19:00:00,18801.398,3718.2961,14768.171,37287.8651
2025-06-08 20:00:00,18109.443,3693.4392,15051.422,36854.3042
2025-06-08 21:00:00,17975.486,3806.5588,15584.817,37366.8618
2025-06-08 22:00:00,17829.828,3746.2742,15311.815,36887.9172
2025-06-08 23:00:00,17591.89,3517.5413,14730.768,35840.1993
2025-06-09 00:00:00,16259.013,3318.8826,13787.025,33364.9206
2025-06-09 01:00:00,15115.12,3000.3765,12878.339,30993.8355
2025-06-09 02:00:00,15066.403,2909.6191,12397.864,30373.886100000003
2025-06-09 03:00:00,14809.341,2880.8716,12199.981,29890.1936
2025-06-09 04:00:00,14625.109,2887.7148,11823.662,29336.485800000002
2025-06-09 05:00:00,15015.285,3056.9343,12692.953,30765.1723
2025-06-09 06:00:00,15790.573,3174.6372,12962.753,31927.963200000002
2025-06-09 07:00:00,16898.453,3173.6255,13653.239,33725.317500000005
2025-06-09 08:00:00,17471.922,3278.4001,15214.985,35965.3071
2025-06-09 09:00:00,18419.926,3506.1792,16438.596,38364.701199999996
2025-06-09 10:00:00,19286.47,3714.8618,16837.088,39838.4198
2025-06-09 11:00:00,19584.537,3831.7068,17056.254,40472.4978
2025-06-09 12:00:00,19545.65,3749.4785,17046.424,40341.552500000005
2025-06-09 13:00:00,19435.441,3909.872,18182.242,41527.55499999999
2025-06-09 14:00:00,20219.676,4124.738,19011.355,43355.769
2025-06-09 15:00:00,20782.252,4163.0967,19488.082,44433.4307
2025-06-09 16:00:00,20844.205,4139.021,19502.807,44486.033
2025-06-09 17:00:00,20946.762,4019.0947,18539.154,43505.0107
2025-06-09 18:00:00,21364.283,3875.1577,17704.47,42943.9107
2025-06-09 19:00:00,20724.012,3750.3755,17466.596,41940.9835
2025-06-09 20:00:00,20215.99,3749.106,17893.432,41858.528000000006
2025-06-09 21:00:00,19656.658,3813.138,18113.01,41582.806
2025-06-09 22:00:00,19417.521,3816.7314,17867.479,41101.731400000004
2025-06-09 23:00:00,19172.873,3675.7449,16946.916,39795.5339
2025-06-10 00:00:00,17849.816,3426.693,15809.652,37086.161
2025-06-10 01:00:00,16417.637,3199.292,14942.504,34559.433000000005
2025-06-10 02:00:00,16526.578,3066.743,14400.857,33994.178
2025-06-10 03:00:00,16291.044,3077.1675,14187.891,33556.1025
2025-06-10 04:00:00,16359.228,3091.7273,14117.191,33568.1463
2025-06-10 05:00:00,16774.01,3345.4316,14464.646,34584.0876
2025-06-10 06:00:00,17118.893,3414.127,14983.008,35516.028
2025-06-10 07:00:00,18246.88,3405.7092,15368.512,37021.101200000005
2025-06-10 08:00:00,18851.53,3544.9714,16723.549,39120.05039999999
2025-06-10 09:00:00,19692.646,3760.769,17742.037,41195.452000000005
2025-06-10 10:00:00,20298.416,3993.5295,18007.057,42299.0025
2025-06-10 11:00:00,20672.555,4058.564,17937.295,42668.414
2025-06-10 12:00:00,20388.602,4007.656,17899.328,42295.585999999996
2025-06-10 13:00:00,20453.602,4185.153,18805.564,43444.318999999996
2025-06-10 14:00:00,20706.988,4385.8906,19428.129,44521.0076
2025-06-10 15:00:00,21297.762,4357.751,19822.494,45478.007
2025-06-10 16:00:00,21144.088,4401.32,19582.855,45128.263
2025-06-10 17:00:00,21428.764,4336.018,18727.146,44491.928
2025-06-10 18:00:00,21460.283,4235.8887,17809.473,43505.644700000004
2025-06-10 19:00:00,21436.533,4071.133,17665.203,43172.869
2025-06-10 20:00:00,20376.55,4008.108,17833.922,42218.58
2025-06-10 21:00:00,20175.176,4171.752,18319.266,42666.194
2025-06-10 22:00:00,19894.01,4112.5205,17912.78,41919.31049999999
2025-06-10 23:00:00,19053.475,3808.578,16755.822,39617.875
2025-06-11 00:00:00,18085.072,3617.1548,15718.592,37420.8188
2025-06-11 01:00:00,17108.582,3374.455,14821.074,35304.111
2025-06-11 02:00:00,16636.123,3154.5396,14177.627,33968.289600000004
2025-06-11 03:00:00,16279.202,3162.7917,13905.029,33347.0227
2025-06-11 04:00:00,16291.871,3184.6624,13932.177,33408.710399999996
2025-06-11 05:00:00,16567.686,3364.02,14256.184,34187.89
2025-06-11 06:00:00,16794.695,3436.6294,14303.158,34534.48239999999
2025-06-11 07:00:00,17994.527,3483.4526,14774.543,36252.5226
2025-06-11 08:00:00,18371.75,3608.1997,16349.044,38328.9937
2025-06-11 09:00:00,19137.152,3800.2188,17245.709,40183.07979999999
2025-06-11 10:00:00,19925.586,4067.2075,17647.996,41640.7895
2025-06-11 11:00:00,20425.088,4141.4,17590.918,42157.406
2025-06-11 12:00:00,20055.512,4059.996,17607.695,41723.202999999994
2025-06-11 13:00:00,20291.152,4256.176,18586.436,43133.763999999996
2025-06-11 14:00:00,20784.984,4406.0376,19367.225,44558.2466
2025-06-11 15:00:00,21006.32,4489.2656,19778.71,45274.2956
2025-06-11 16:00:00,20812.934,4424.9756,19413.895,44651.8046
2025-06-11 17:00:00,21148.621,4320.72,18531.3,44000.641
2025-06-11 18:00:00,21324.252,4211.3076,17540.303,43075.8626
2025-06-11 19:00:00,20736.31,4054.0671,17438.918,42229.2951
2025-06-11 20:00:00,20016.385,3951.7554,17607.67,41575.810399999995
2025-06-11 21:00:00,19523.955,4079.9058,17799.928,41403.7888
2025-06-11 22:00:00,19273.787,4027.5662,17459.03,40760.3832
2025-06-11 23:00:00,18888.312,3819.5154,16340.592,39048.4194
2025-06-12 00:00:00,17745.482,3523.4507,15585.497,36854.4297
2025-06-12 01:00:00,16725.312,3352.0715,14602.79,34680.173500000004
2025-06-12 02:00:00,16459.33,3188.2036,13930.689,33578.2226
2025-06-12 03:00:00,16003.553,3086.6028,13654.426,32744.5818
2025-06-12 04:00:00,16252.622,3215.5583,13840.369,33308.5493
2025-06-12 05:00:00,16430.62,3349.1233,13902.167,33681.910299999996
2025-06-12 06:00:00,16633.479,3437.1333,14258.709,34329.3213
2025-06-12 07:00:00,17990.113,3530.1401,14796.104,36316.3571
2025-06-12 08:00:00,18282.205,3681.0654,16135.499,38098.769400000005
2025-06-12 09:00:00,19459.254,3907.2207,17339.227,40705.7017
2025-06-12 10:00:00,20279.748,4138.208,17560.037,41977.993
2025-06-12 11:00:00,20478.01,4215.255,17686.86,42380.125
2025-06-12 12:00:00,20575.55,4175.326,17636.586,42387.462
2025-06-12 13:00:00,20509.832,4364.345,18528.504,43402.681
2025-06-12 14:00:00,21109.203,4584.026,19512.81,45206.039000000004
2025-06-12 15:00:00,21502.816,4621.0884,19624.365,45748.269400000005
2025-06-12 16:00:00,21798.395,4608.0293,19599.54,46005.9643
2025-06-12 17:00:00,21422.596,4533.445,18489.422,44445.463
2025-06-12 18:00:00,21557.37,4286.3374,17559.156,43402.8634
2025-06-12 19:00:00,21141.998,4128.824,17050.256,42321.078
2025-06-12 20:00:00,20291.514,4132.3604,17395.338,41819.212400000004
2025-06-12 21:00:00,20029.066,4226.2812,17926.436,42181.783200000005
2025-06-12 22:00:00,20180.27,4277.215,17602.773,42060.258
2025-06-12 23:00:00,19547.254,3974.6455,16402.172,39924.0715
2025-06-13 00:00:00,18177.691,3722.0647,15436.545,37336.3007
2025-06-13 01:00:00,17240.932,3446.046,14638.339,35325.316999999995
2025-06-13 02:00:00,16979.441,3271.3003,13926.625,34177.366299999994
2025-06-13 03:00:00,16299.318,3160.0823,13526.632,32986.0323
2025-06-13 04:00:00,16549.05,3263.6313,13768.57,33581.2513
2025-06-13 05:00:00,16823.871,3469.5305,14142.7705,34436.172
2025-06-13 06:00:00,17025.879,3603.4082,14083.4795,34712.7667
2025-06-13 07:00:00,18097.285,3573.2263,14682.734,36353.245299999995
2025-06-13 08:00:00,18487.62,3709.4307,15892.172,38089.2227
2025-06-13 09:00:00,19407.71,3959.2065,16875.078,40241.9945
2025-06-13 10:00:00,20411.967,4228.974,17334.934,41975.875
2025-06-13 11:00:00,20590.217,4264.558,17557.49,42412.265
2025-06-13 12:00:00,20429.469,4249.736,17237.553,41916.758
2025-06-13 13:00:00,20562.506,4416.6475,18192.96,43172.1135
2025-06-13 14:00:00,21290.744,4598.788,19181.686,45071.218
2025-06-13 15:00:00,21905.502,4718.9644,19697.678,46322.144400000005
2025-06-13 16:00:00,21583.818,4604.451,19477.082,45665.350999999995
2025-06-13 17:00:00,21590.24,4484.692,18288.81,44363.742
2025-06-13 18:00:00,21615.32,4403.4478,17473.035,43491.802800000005
2025-06-13 19:00:00,20967.951,4194.2563,17160.22,42322.4273
2025-06-13 20:00:00,20311.39,4200.049,17591.244,42102.683
2025-06-13 21:00:00,19904.295,4303.807,17741.668,41949.770000000004
2025-06-13 22:00:00,19811.043,4319.401,17622.17,41752.614
2025-06-13 23:00:00,19348.865,4034.145,16608.605,39991.615000000005
2025-06-14 00:00:00,18478.094,3929.6968,15905.3,38313.090800000005
2025-06-14 01:00:00,17178.633,3596.9968,14982.534,35758.1638
2025-06-14 02:00:00,17031.455,3469.497,13998.25,34499.202000000005
2025-06-14 03:00:00,16434.836,3327.8235,13815.901,33578.5605
2025-06-14 04:00:00,16570.053,3386.0361,13591.078,33547.1671
2025-06-14 05:00:00,16512.307,3607.2202,13807.9795,33927.5067
2025-06-14 06:00:00,16908.572,3648.9172,13892.87,34450.3592
2025-06-14 07:00:00,17913.97,3663.6296,14427.688,36005.2876
2025-06-14 08:00:00,18541.588,3826.8655,15750.966,38119.4195
2025-06-14 09:00:00,19121.959,4019.7734,16698.361,39840.0934
2025-06-14 10:00:00,20048.959,4260.5405,16823.658,41133.1575
2025-06-14 11:00:00,20335.373,4315.641,16746.479,41397.493
2025-06-14 12:00:00,20184.996,4313.974,16602.492,41101.462
2025-06-14 13:00:00,20136.982,4459.952,17411.709,42008.643
2025-06-14 14:00:00,20809.516,4631.5034,18666.355,44107.3744
2025-06-14 15:00:00,21152.18,4647.449,18998.771,44798.4
2025-06-14 16:00:00,20938.742,4613.639,18601.174,44153.55499999999
2025-06-14 17:00:00,20884.568,4484.8257,17559.07,42928.4637
2025-06-14 18:00:00,21102.312,4335.1704,16634.502,42071.9844
2025-06-14 19:00:00,20348.248,4187.7515,16374.029,40910.0285
2025-06-14 20:00:00,19622.736,4250.0264,16564.693,40437.4554
2025-06-14 21:00:00,19293.021,4323.7837,17002.223,40619.027700000006
2025-06-14 22:00:00,19259.898,4244.654,16725.73,40230.28200000001
2025-06-14 23:00:00,19148.602,4067.9006,15961.199,39177.7016
2025-06-15 00:00:00,18249.307,3887.191,15473.891,37610.388999999996
2025-06-15 01:00:00,17026.531,3610.9817,14404.63,35042.1427
2025-06-15 02:00:00,17006.393,3477.4404,13842.483,34326.316399999996
2025-06-15 03:00:00,16365.86,3459.5938,13574.471,33399.9248
2025-06-15 04:00:00,16285.153,3443.4631,13530.774,33259.3901
2025-06-15 05:00:00,16007.567,3493.6536,13694.532,33195.7526
2025-06-15 06:00:00,16177.534,3571.0205,13281.172,33029.7265
2025-06-15 07:00:00,16741.678,3624.2327,13175.069,33540.979699999996
2025-06-15 08:00:00,17009.152,3594.539,13682.227,34285.918
2025-06-15 09:00:00,17441.883,3765.156,14176.492,35383.531
2025-06-15 10:00:00,18316.094,3986.1973,14103.25,36405.5413
2025-06-15 11:00:00,18466.525,4054.2285,13802.607,36323.3605
2025-06-15 12:00:00,18079.424,3930.8992,13663.733,35674.0562
2025-06-15 13:00:00,18339.53,4164.9893,14614.935,37119.4543
2025-06-15 14:00:00,18780.074,4305.8813,15740.513,38826.4683
2025-06-15 15:00:00,19300.562,4370.944,15970.954,39642.46
2025-06-15 16:00:00,19286.184,4363.0977,15874.084,39523.3657
2025-06-15 17:00:00,19327.174,4278.623,15279.876,38885.672999999995
2025-06-15 18:00:00,19615.229,4172.17,14859.221,38646.619999999995
2025-06-15 19:00:00,19101.8,4078.392,15009.709,38189.901
2025-06-15 20:00:00,18539.73,4023.824,15314.485,37878.039000000004
2025-06-15 21:00:00,18443.018,4137.289,15775.658,38355.965
2025-06-15 22:00:00,18255.377,4084.9058,15459.6045,37799.8873
2025-06-15 23:00:00,18175.668,3866.6248,14583.704,36625.9968
2025-06-16 00:00:00,16870.617,3566.9587,13605.986,34043.5617
2025-06-16 01:00:00,16001.295,3447.9949,13048.638,32497.927900000002
2025-06-16 02:00:00,15718.881,3281.4246,12721.275,31721.5806
2025-06-16 03:00:00,15625.193,3231.9268,12534.481,31391.6008
2025-06-16 04:00:00,15695.687,3335.913,12676.831,31708.430999999997
2025-06-16 05:00:00,15993.679,3455.8674,13360.14,32809.6864
2025-06-16 06:00:00,16188.721,3525.9849,13630.509,33345.2149
2025-06-16 07:00:00,17534.24,3565.4321,14292.426,35392.0981
2025-06-16 08:00:00,18439.209,3708.452,16124.564,38272.225
2025-06-16 09:00:00,19165.879,3963.7507,17348.33,40477.95970000001
2025-06-16 10:00:00,20020.984,4149.8286,17418.656,41589.4686
2025-06-16 11:00:00,20723.453,4269.3027,17892.73,42885.485700000005
2025-06-16 12:00:00,20477.355,4216.7866,18032.113,42726.2546
2025-06-16 13:00:00,20330.764,4352.2026,18842.7,43525.6666
2025-06-16 14:00:00,21248.97,4627.781,19865.334,45742.085
2025-06-16 15:00:00,21340.248,4614.731,20015.1,45970.079
2025-06-16 16:00:00,21321.623,4506.457,19925.379,45753.459
2025-06-16 17:00:00,21238.863,4380.8965,19110.86,44730.6195
2025-06-16 18:00:00,21489.875,4219.8716,18310.525,44020.2716
2025-06-16 19:00:00,21099.736,4121.7593,18010.562,43232.0573
2025-06-16 20:00:00,20313.225,4044.052,18077.027,42434.304
2025-06-16 21:00:00,20336.53,4230.305,18562.045,43128.88
2025-06-16 22:00:00,20286.346,4260.3906,18293.047,42839.783599999995
2025-06-16 23:00:00,19726.225,3988.251,17089.934,40804.41
2025-06-17 00:00:00,18594.129,3755.3547,16239.022,38588.5057
2025-06-17 01:00:00,17677.703,3612.9756,15402.91,36693.5886
2025-06-17 02:00:00,17419.635,3481.2688,14873.676,35774.5798
2025-06-17 03:00:00,16918.07,3451.0845,14705.14,35074.2945
2025-06-17 04:00:00,16878.543,3455.8755,14753.0,35087.4185
2025-06-17 05:00:00,16836.314,3614.3079,14863.109,35313.730899999995
2025-06-17 06:00:00,17452.299,3674.4993,15121.067,36247.8653
2025-06-17 07:00:00,18586.8,3686.633,15736.122,38009.55499999999
2025-06-17 08:00:00,19033.04,3809.5085,16945.443,39787.991500000004
2025-06-17 09:00:00,19828.17,4073.5747,18136.344,42038.0887
2025-06-17 10:00:00,20853.424,4278.667,18467.057,43599.148
2025-06-17 11:00:00,21251.576,4395.2637,18323.115,43969.9547
2025-06-17 12:00:00,20951.871,4327.923,18257.992,43537.78599999999
2025-06-17 13:00:00,20932.59,4513.067,19187.984,44633.641
2025-06-17 14:00:00,21499.062,4678.4966,20148.152,46325.710600000006
2025-06-17 15:00:00,21805.822,4708.727,20350.678,46865.227
2025-06-17 16:00:00,21983.11,4752.3984,20397.428,47132.9364
2025-06-17 17:00:00,22092.38,4712.2036,19261.719,46066.3026
2025-06-17 18:00:00,22143.256,4495.844,18520.35,45159.45
2025-06-17 19:00:00,21295.404,4311.4097,18222.54,43829.3537
2025-06-17 20:00:00,20753.932,4281.7915,18113.34,43149.063500000004
2025-06-17 21:00:00,20280.129,4389.606,18315.602,42985.337
2025-06-17 22:00:00,20130.312,4372.9385,17884.84,42388.090500000006
2025-06-17 23:00:00,19752.588,4135.945,16608.1,40496.633
2025-06-18 00:00:00,18580.535,3895.9663,16095.027,38571.5283
2025-06-18 01:00:00,17675.225,3698.9817,15191.225,36565.4317
2025-06-18 02:00:00,17352.95,3584.1716,14855.388,35792.509600000005
2025-06-18 03:00:00,16927.576,3429.1863,14379.841,34736.6033
2025-06-18 04:00:00,16964.254,3524.134,14548.438,35036.826
2025-06-18 05:00:00,17091.213,3700.5337,14836.398,35628.1447
2025-06-18 06:00:00,17541.914,3723.2603,15023.209,36288.3833
2025-06-18 07:00:00,18169.148,3689.1448,15276.285,37134.5778
2025-06-18 08:00:00,19035.176,3859.4622,16879.441,39774.0792
2025-06-18 09:00:00,19941.984,4145.911,18039.781,42127.676
2025-06-18 10:00:00,20927.215,4303.893,18314.479,43545.587
2025-06-18 11:00:00,21042.611,4447.3145,18275.861,43765.7865
2025-06-18 12:00:00,21226.81,4394.009,18333.467,43954.28600000001
2025-06-18 13:00:00,21293.365,4581.3677,19427.549,45302.2817
2025-06-18 14:00:00,21929.86,4772.0283,20249.545,46951.4333
2025-06-18 15:00:00,22235.758,4760.9575,20423.81,47420.5255
2025-06-18 16:00:00,22106.84,4737.793,20072.398,46917.031
2025-06-18 17:00:00,21992.297,4632.623,19226.748,45851.668
2025-06-18 18:00:00,22294.494,4476.03,18564.61,45335.134
2025-06-18 19:00:00,21566.012,4295.1934,18068.77,43929.975399999996
2025-06-18 20:00:00,20975.86,4241.1997,18114.852,43331.9117
2025-06-18 21:00:00,20638.791,4368.9688,18309.34,43317.099799999996
2025-06-18 22:00:00,20759.242,4374.238,18135.758,43269.238
2025-06-18 23:00:00,20418.275,4143.993,17181.305,41743.573000000004
2025-06-19 00:00:00,19229.33,3946.2761,16370.295,39545.9011
2025-06-19 01:00:00,18313.646,3748.3962,15467.603,37529.6452
2025-06-19 02:00:00,18032.643,3590.7175,15162.75,36786.110499999995
2025-06-19 03:00:00,17655.9,3493.56,14857.272,36006.732
2025-06-19 04:00:00,17389.217,3513.6555,14822.779,35725.6515
2025-06-19 05:00:00,17124.666,3576.601,14785.578,35486.845
2025-06-19 06:00:00,17692.564,3683.3088,15062.952,36438.824799999995
2025-06-19 07:00:00,18543.672,3668.1304,15421.539,37633.341400000005
2025-06-19 08:00:00,19112.74,3811.1619,17106.82,40030.721900000004
2025-06-19 09:00:00,19979.865,4063.174,18080.21,42123.248999999996
2025-06-19 10:00:00,21155.145,4344.6978,18487.025,43986.8678
2025-06-19 11:00:00,21544.166,4385.148,18743.123,44672.437000000005
2025-06-19 12:00:00,21347.865,4389.2026,18561.562,44298.6296
2025-06-19 13:00:00,21771.822,4595.327,19531.95,45899.099
2025-06-19 14:00:00,22317.799,4753.795,20107.434,47179.028
2025-06-19 15:00:00,22685.625,4821.586,20660.338,48167.549
2025-06-19 16:00:00,22464.096,4793.17,20350.627,47607.893000000004
2025-06-19 17:00:00,22137.955,4607.5283,19346.957,46092.4403
2025-06-19 18:00:00,22517.938,4514.345,18845.04,45877.323000000004
2025-06-19 19:00:00,21965.174,4329.1797,18652.285,44946.638699999996
2025-06-19 20:00:00,21180.78,4280.143,18557.695,44018.618
2025-06-19 21:00:00,20852.54,4373.2466,18725.385,43951.1716
2025-06-19 22:00:00,20776.426,4312.201,18306.848,43395.475000000006
2025-06-19 23:00:00,20446.104,4113.8174,17296.656,41856.577399999995
2025-06-20 00:00:00,19376.975,3884.7976,16408.717,39670.4896
2025-06-20 01:00:00,18080.96,3634.5618,15450.521,37166.042799999996
2025-06-20 02:00:00,18227.51,3508.7837,15045.021,36781.3147
2025-06-20 03:00:00,17454.354,3315.6094,14871.101,35641.0644
2025-06-20 04:00:00,17418.96,3353.5752,14821.128,35593.663199999995
2025-06-20 05:00:00,17246.117,3469.1982,14966.66,35681.9752
2025-06-20 06:00:00,17811.111,3601.307,15215.426,36627.844
2025-06-20 07:00:00,18924.54,3625.7795,15879.382,38429.7015
2025-06-20 08:00:00,19510.297,3687.9722,17344.895,40543.1642
2025-06-20 09:00:00,20369.107,3987.748,18354.896,42711.751000000004
2025-06-20 10:00:00,21237.928,4248.272,18538.408,44024.608
2025-06-20 11:00:00,21590.166,4363.2065,18675.709,44629.0815
2025-06-20 12:00:00,21534.473,4334.9497,18420.014,44289.436700000006
2025-06-20 13:00:00,21268.744,4451.203,19438.201,45158.148
2025-06-20 14:00:00,22365.467,4755.2964,20374.912,47495.6754
2025-06-20 15:00:00,22503.469,4676.747,20834.244,48014.46
2025-06-20 16:00:00,22330.502,4664.022,20472.95,47467.474
2025-06-20 17:00:00,22233.525,4482.348,19610.008,46325.881
2025-06-20 18:00:00,22451.125,4363.3623,18740.375,45554.8623
2025-06-20 19:00:00,21938.408,4223.178,18726.709,44888.295
2025-06-20 20:00:00,21266.445,4199.09,18876.732,44342.267
2025-06-20 21:00:00,20855.05,4391.357,19104.463,44350.869999999995
2025-06-20 22:00:00,20952.121,4336.5967,18833.531,44122.2487
2025-06-20 23:00:00,20628.01,4137.539,17715.291,42480.84
2025-06-21 00:00:00,19571.098,3897.411,17034.002,40502.511
2025-06-21 01:00:00,18534.129,3674.642,16207.7,38416.471000000005
2025-06-21 02:00:00,18385.037,3532.36,15752.053,37669.45
2025-06-21 03:00:00,17768.355,3391.1926,15441.013,36600.5606
2025-06-21 04:00:00,17561.166,3480.9517,15267.649,36309.7667
2025-06-21 05:00:00,17589.13,3599.9272,15408.545,36597.6022
2025-06-21 06:00:00,17943.379,3643.75,15690.494,37277.623
2025-06-21 07:00:00,18802.93,3675.8433,15684.718,38163.4913
2025-06-21 08:00:00,19233.936,3770.7175,17040.838,40045.491500000004
2025-06-21 09:00:00,20114.105,4043.4907,18091.322,42248.9177
2025-06-21 10:00:00,21058.496,4211.0913,18335.625,43605.2123
2025-06-21 11:00:00,21373.588,4296.3955,18350.535,44020.5185
2025-06-21 12:00:00,21155.246,4260.0327,18129.762,43545.0407
2025-06-21 13:00:00,21317.88,4474.43,19070.479,44862.789000000004
2025-06-21 14:00:00,21816.95,4623.966,19975.783,46416.699
2025-06-21 15:00:00,22110.607,4642.911,20107.924,46861.441999999995
2025-06-21 16:00:00,22007.31,4502.766,19904.246,46414.322
2025-06-21 17:00:00,21681.236,4394.8228,18640.365,44716.423800000004
2025-06-21 18:00:00,21741.705,4308.5776,17656.68,43706.9626
2025-06-21 19:00:00,20981.104,4100.84,17487.17,42569.114
2025-06-21 20:00:00,20370.725,4138.531,17704.52,42213.776
2025-06-21 21:00:00,20384.92,4316.4385,18205.357,42906.7155
2025-06-21 22:00:00,20434.32,4235.8438,18054.688,42724.8518
2025-06-21 23:00:00,20292.357,4115.13,17338.973,41746.46000000001
2025-06-22 00:00:00,19184.053,3868.568,16527.541,39580.162
2025-06-22 01:00:00,18020.152,3664.7837,15597.898,37282.833699999996
2025-06-22 02:00:00,17823.398,3461.402,15102.573,36387.37300000001
2025-06-22 03:00:00,16979.676,3375.8213,14622.082,34977.5793
2025-06-22 04:00:00,16636.805,3335.8064,14090.159,34062.7704
2025-06-22 05:00:00,16435.258,3431.3286,14383.748,34250.3346
2025-06-22 06:00:00,16701.77,3505.8777,14125.795,34333.4427
2025-06-22 07:00:00,17297.17,3410.6382,13930.148,34637.9562
2025-06-22 08:00:00,17434.47,3477.5977,14477.943,35390.0107
2025-06-22 09:00:00,17846.428,3640.5022,14937.099,36424.0292
2025-06-22 10:00:00,18315.846,3745.1963,14702.8,36763.842300000004
2025-06-22 11:00:00,18726.342,3815.5344,14712.853,37254.7294
2025-06-22 12:00:00,18492.014,3739.0813,14308.861,36539.956300000005
2025-06-22 13:00:00,18415.855,3929.216,15290.74,37635.811
2025-06-22 14:00:00,19156.826,4101.695,15967.079,39225.6
2025-06-22 15:00:00,19340.195,4125.372,16437.54,39903.107
2025-06-22 16:00:00,19484.902,4109.217,16577.102,40171.221
2025-06-22 17:00:00,19363.018,4025.337,15848.929,39237.284
2025-06-22 18:00:00,19720.586,3952.3953,15086.923,38759.9043
2025-06-22 19:00:00,19426.676,3897.8716,15501.586,38826.1336
2025-06-22 20:00:00,18951.191,3917.1772,15824.148,38692.5162
2025-06-22 21:00:00,18708.807,3955.918,16388.486,39053.211
2025-06-22 22:00:00,18427.22,3946.1067,15832.67,38205.9967
2025-06-22 23:00:00,18301.838,3699.333,14832.521,36833.691999999995
2025-06-23 00:00:00,17143.621,3477.8372,14265.804,34887.2622
2025-06-23 01:00:00,16069.462,3262.8638,13536.215,32868.5408
2025-06-23 02:00:00,15914.534,3083.8384,12988.915,31987.2874
2025-06-23 03:00:00,15480.476,3067.4944,12825.662,31373.632400000002
2025-06-23 04:00:00,15736.686,3089.8044,13040.427,31866.9174
2025-06-23 05:00:00,15277.035,3168.9495,13228.196,31674.1805
2025-06-23 06:00:00,16280.693,3380.68,13893.945,33555.318
2025-06-23 07:00:00,17106.045,3320.4727,14520.602,34947.119699999996
2025-06-23 08:00:00,17737.883,3466.2444,15712.09,36916.2174
2025-06-23 09:00:00,18670.246,3659.8005,17088.234,39418.2805
2025-06-23 10:00:00,19637.38,3875.2273,17287.713,40800.3203
2025-06-23 11:00:00,20225.174,3971.2969,17461.184,41657.6549
2025-06-23 12:00:00,19936.064,3889.8958,17382.318,41208.277799999996
2025-06-23 13:00:00,19884.518,4027.3745,18280.633,42192.5255
2025-06-23 14:00:00,20513.37,4205.2104,19274.533,43993.1134
2025-06-23 15:00:00,20835.793,4267.444,19571.627,44674.864
2025-06-23 16:00:00,20797.215,4263.2324,19531.855,44592.3024
2025-06-23 17:00:00,20798.059,4115.355,18579.656,43493.07
2025-06-23 18:00:00,20987.824,3994.8613,18077.477,43060.162299999996
2025-06-23 19:00:00,20687.244,3873.6667,17843.33,42404.2407
2025-06-23 20:00:00,20085.531,3872.065,17819.459,41777.05499999999
2025-06-23 21:00:00,19720.602,4047.2688,18091.031,41858.90179999999
2025-06-23 22:00:00,19386.402,3976.6035,17462.16,40825.1655
2025-06-23 23:00:00,19122.367,3771.266,16585.572,39479.205
2025-06-24 00:00:00,17942.465,3554.3037,15805.476,37302.2447
2025-06-24 01:00:00,16874.273,3395.5012,15007.879,35277.6532
2025-06-24 02:00:00,16677.36,3196.6492,14603.738,34477.7472
2025-06-24 03:00:00,16273.82,3188.024,14251.766,33713.61
2025-06-24 04:00:00,16463.035,3228.775,14286.241,33978.051
2025-06-24 05:00:00,16643.295,3439.3796,14694.071,34776.745599999995
2025-06-24 06:00:00,16780.25,3464.1416,14729.586,34973.9776
2025-06-24 07:00:00,18105.69,3454.1511,15286.651,36846.492099999996
2025-06-24 08:00:00,18592.996,3582.1152,16593.15,38768.2612
2025-06-24 09:00:00,19608.945,3918.9678,17601.355,41129.2678
2025-06-24 10:00:00,19947.656,3977.097,17991.482,41916.235
2025-06-24 11:00:00,20637.27,4141.363,17820.52,42599.153000000006
2025-06-24 12:00:00,20604.826,4133.237,17820.326,42558.389
2025-06-24 13:00:00,20657.07,4230.2046,18787.018,43674.2926
2025-06-24 14:00:00,21059.758,4484.2393,19557.064,45101.0613
2025-06-24 15:00:00,21755.582,4519.6855,19945.072,46220.3395
2025-06-24 16:00:00,21691.832,4483.104,19923.97,46098.906
2025-06-24 17:00:00,21187.969,4330.353,18714.004,44232.326
2025-06-24 18:00:00,21781.459,4235.8794,18069.342,44086.6804
2025-06-24 19:00:00,21240.746,4133.7407,17895.785,43270.2717
2025-06-24 20:00:00,20225.57,4044.26,17793.188,42063.018
2025-06-24 21:00:00,20089.777,4180.307,17722.955,41993.039000000004
2025-06-24 22:00:00,19950.262,4162.024,17217.197,41329.483
2025-06-24 23:00:00,19436.697,3901.7268,16474.482,39812.9058
2025-06-25 00:00:00,18054.62,3650.3323,15607.0,37311.9523
2025-06-25 01:00:00,17384.512,3482.5737,14788.631,35655.7167
2025-06-25 02:00:00,16930.451,3344.9746,14307.961,34583.3866
2025-06-25 03:00:00,16350.621,3154.0762,14041.412,33546.1092
2025-06-25 04:00:00,16313.765,3290.2764,14201.594,33805.6354
2025-06-25 05:00:00,16383.765,3345.313,14261.26,33990.338
2025-06-25 06:00:00,16828.295,3435.6143,14563.456,34827.3653
2025-06-25 07:00:00,18006.46,3511.4097,14861.317,36379.1867
2025-06-25 08:00:00,18463.643,3635.196,15998.929,38097.768
2025-06-25 09:00:00,19173.113,3821.848,17029.36,40024.321
2025-06-25 10:00:00,20279.27,4060.833,17219.021,41559.123999999996
2025-06-25 11:00:00,20302.783,4038.0374,17229.729,41570.5494
2025-06-25 12:00:00,20402.908,4051.5146,17211.297,41665.7196
2025-06-25 13:00:00,20384.906,4185.1,18204.273,42774.279
2025-06-25 14:00:00,20944.096,4386.479,19068.344,44398.919
2025-06-25 15:00:00,21027.324,4309.6074,19234.873,44571.8044
2025-06-25 16:00:00,21056.275,4272.379,19200.375,44529.029
2025-06-25 17:00:00,21320.496,4245.3794,18397.95,43963.8254
2025-06-25 18:00:00,21414.998,4119.0737,17427.986,42962.057700000005
2025-06-25 19:00:00,21023.88,4081.4075,17415.695,42520.9825
2025-06-25 20:00:00,20227.557,4000.447,17476.525,41704.529
2025-06-25 21:00:00,19985.51,4165.0625,17806.443,41957.015499999994
2025-06-25 22:00:00,19945.734,4175.4976,17346.91,41468.1416
2025-06-25 23:00:00,19517.232,3890.4631,16299.914,39707.6091
2025-06-26 00:00:00,18325.65,3677.778,15477.309,37480.737
2025-06-26 01:00:00,17263.736,3494.6758,14760.144,35518.5558
2025-06-26 02:00:00,16871.596,3284.2659,14058.298,34214.1599
2025-06-26 03:00:00,16364.314,3192.9348,13921.02,33478.268800000005
2025-06-26 04:00:00,16370.827,3186.86,13480.783,33038.47
2025-06-26 05:00:00,16297.229,3323.9736,13673.302,33294.5046
2025-06-26 06:00:00,16940.5,3363.3086,14187.735,34491.543600000005
2025-06-26 07:00:00,18009.47,3344.6936,14515.531,35869.6946
2025-06-26 08:00:00,18318.248,3580.5288,15704.977,37603.7538
2025-06-26 09:00:00,19084.984,3792.768,17046.994,39924.746
2025-06-26 10:00:00,19887.598,3979.921,16985.277,40852.796
2025-06-26 11:00:00,20304.5,4049.4375,17335.008,41688.9455
2025-06-26 12:00:00,20427.322,4121.9536,17285.457,41834.7326
2025-06-26 13:00:00,20310.336,4187.328,18150.314,42647.978
2025-06-26 14:00:00,20783.594,4348.724,18886.434,44018.752
2025-06-26 15:00:00,21310.316,4421.498,19476.182,45207.996
2025-06-26 16:00:00,21368.979,4397.649,19181.885,44948.513
2025-06-26 17:00:00,21113.012,4239.339,18217.113,43569.464
2025-06-26 18:00:00,21245.543,4119.343,17206.766,42571.652
2025-06-26 19:00:00,20730.541,3983.4448,17162.773,41876.7588
2025-06-26 20:00:00,19944.963,3979.1104,17484.955,41409.0284
2025-06-26 21:00:00,20000.533,4152.184,17687.613,41840.33
2025-06-26 22:00:00,19696.803,4142.462,17234.65,41073.915
2025-06-26 23:00:00,19094.441,3858.0886,16208.126,39160.6556
2025-06-27 00:00:00,17857.861,3627.433,15220.83,36706.124
2025-06-27 01:00:00,16696.213,3325.718,14460.41,34482.341
2025-06-27 02:00:00,16652.922,3199.0918,14125.001,33977.014800000004
2025-06-27 03:00:00,16271.017,3120.223,13780.072,33171.312
2025-06-27 04:00:00,16265.1,3130.9702,13621.362,33017.4322
2025-06-27 05:00:00,16316.754,3305.2625,14115.865,33737.8815
2025-06-27 06:00:00,16313.054,3298.0562,13996.774,33607.8842
2025-06-27 07:00:00,17537.783,3322.0847,14599.648,35459.515699999996
2025-06-27 08:00:00,18255.68,3498.7769,16074.46,37828.9169
2025-06-27 09:00:00,18966.082,3757.5051,17076.512,39800.09909999999
2025-06-27 10:00:00,19957.314,4028.0327,17249.514,41234.8607
2025-06-27 11:00:00,20271.0,4093.7493,17271.877,41636.6263
2025-06-27 12:00:00,20044.244,4058.9746,17132.021,41235.2396
2025-06-27 13:00:00,19857.361,4218.048,18115.674,42191.083
2025-06-27 14:00:00,20646.936,4375.265,19122.127,44144.328
2025-06-27 15:00:00,20768.578,4362.7207,19202.209,44333.5077
2025-06-27 16:00:00,20952.857,4323.4443,19101.174,44377.4753
2025-06-27 17:00:00,20543.693,4139.736,18108.332,42791.761
2025-06-27 18:00:00,20653.246,4019.6555,17259.387,41932.288499999995
2025-06-27 19:00:00,20177.441,3908.7095,17139.244,41225.394499999995
2025-06-27 20:00:00,19779.457,3918.1682,17583.033,41280.6582
2025-06-27 21:00:00,19451.459,4096.997,17763.496,41311.952
2025-06-27 22:00:00,19298.287,4138.911,17348.705,40785.903000000006
2025-06-27 23:00:00,19194.652,3916.9343,16464.533,39576.1193
2025-06-28 00:00:00,17940.652,3695.3538,15520.659,37156.6648
2025-06-28 01:00:00,16942.979,3407.7332,14829.596,35180.3082
2025-06-28 02:00:00,16656.852,3331.8337,14159.617,34148.3027
2025-06-28 03:00:00,16129.232,3171.5374,13701.455,33002.2244
2025-06-28 04:00:00,15995.8955,3223.763,13519.57,32739.2285
2025-06-28 05:00:00,15891.303,3265.5205,13580.465,32737.2885
2025-06-28 06:00:00,16367.559,3383.4702,13898.845,33649.8742
2025-06-28 07:00:00,17420.807,3457.4744,14132.806,35011.087400000004
2025-06-28 08:00:00,17839.957,3545.0295,15653.036,37038.0225
2025-06-28 09:00:00,18662.102,3845.6384,16623.748,39131.4884
2025-06-28 10:00:00,19574.482,4049.7515,16640.281,40264.5145
2025-06-28 11:00:00,20003.508,4132.2144,16674.975,40810.697400000005
2025-06-28 12:00:00,19715.895,4112.4434,16410.854,40239.1924
2025-06-28 13:00:00,19619.139,4152.293,17088.693,40860.125
2025-06-28 14:00:00,19735.629,4281.703,17778.732,41796.064
2025-06-28 15:00:00,19914.672,4200.3936,17725.771,41840.836599999995
2025-06-28 16:00:00,19958.723,4163.7944,17547.41,41669.9274
2025-06-28 17:00:00,19881.846,4048.9102,16716.488,40647.2442
2025-06-28 18:00:00,19827.377,3936.5266,15791.032,39554.9356
2025-06-28 19:00:00,19212.78,3836.0386,15450.006,38498.8246
2025-06-28 20:00:00,18657.613,3872.9648,15685.894,38216.4718
2025-06-28 21:00:00,18645.037,4043.0554,16156.971,38845.0634
2025-06-28 22:00:00,18503.076,4009.8862,15882.218,38395.1802
2025-06-28 23:00:00,18344.943,3840.8398,15276.488,37462.2708
2025-06-29 00:00:00,17296.39,3657.546,14296.236,35250.172
2025-06-29 01:00:00,16487.486,3412.6,13679.06,33579.146
2025-06-29 02:00:00,16095.638,3245.068,12879.31,32220.016000000003
2025-06-29 03:00:00,15502.726,3135.8843,12654.9795,31293.5898
2025-06-29 04:00:00,15371.135,3115.3179,12398.852,30885.304900000003
2025-06-29 05:00:00,14672.244,3212.5793,12512.61,30397.4333
2025-06-29 06:00:00,15216.946,3218.8547,12095.442,30531.2427
2025-06-29 07:00:00,15915.72,3163.214,12076.196,31155.13
2025-06-29 08:00:00,15762.975,3247.4958,12511.702,31522.1728
2025-06-29 09:00:00,16210.814,3443.9778,13043.083,32697.874799999998
2025-06-29 10:00:00,17201.717,3610.9229,12897.012,33709.651900000004
2025-06-29 11:00:00,17651.889,3710.8484,12812.44,34175.1774
2025-06-29 12:00:00,17265.916,3637.7551,12575.491,33479.1621
2025-06-29 13:00:00,17214.863,3810.9993,13434.67,34460.5323
2025-06-29 14:00:00,17881.736,3928.294,14160.871,35970.901
2025-06-29 15:00:00,18137.02,3948.8433,14407.742,36493.6053
2025-06-29 16:00:00,18135.86,3925.6943,14311.339,36372.893299999996
2025-06-29 17:00:00,18242.012,3852.7266,13794.136,35888.874599999996
2025-06-29 18:00:00,18774.098,3811.9985,13461.251,36047.3475
2025-06-29 19:00:00,18489.281,3755.3806,13724.455,35969.1166
2025-06-29 20:00:00,18075.543,3775.2712,14207.274,36058.0882
2025-06-29 21:00:00,17811.008,3869.4622,14570.031,36250.501200000006
2025-06-29 22:00:00,17716.434,3792.1536,14214.479,35723.066600000006
2025-06-29 23:00:00,17677.441,3636.7083,13436.032,34750.1813
2025-06-30 00:00:00,16248.81,3415.4731,12450.535,32114.8181
2025-06-30 01:00:00,15355.991,3186.9536,11705.955,30248.899599999997
2025-06-30 02:00:00,15187.473,2970.878,11306.767,29465.118
2025-06-30 03:00:00,14474.727,2901.1582,10928.477,28304.362200000003
2025-06-30 04:00:00,14752.886,2903.2078,11045.56,28701.6538
2025-06-30 05:00:00,14921.044,3087.4268,11469.638,29478.1088
2025-06-30 06:00:00,15216.219,3159.197,11907.186,30282.602
2025-06-30 07:00:00,16585.16,3195.1467,13018.253,32798.5597
2025-06-30 08:00:00,17438.004,3365.511,14332.316,35135.831
2025-06-30 09:00:00,18136.732,3583.7764,15425.497,37146.005399999995
2025-06-30 10:00:00,19335.406,3804.0273,16103.58,39243.0133
2025-06-30 11:00:00,19418.781,3879.2231,15943.263,39241.2671
2025-06-30 12:00:00,19334.045,3804.1328,15836.557,38974.7348
2025-06-30 13:00:00,19271.27,3997.5557,16713.22,39982.0457
2025-06-30 14:00:00,19860.137,4172.226,17785.375,41817.738
2025-06-30 15:00:00,20120.05,4079.5835,18004.334,42203.9675
2025-06-30 16:00:00,20043.586,3964.7805,17973.88,41982.2465
2025-06-30 17:00:00,20257.15,3966.7654,17007.994,41231.909400000004
2025-06-30 18:00:00,20696.65,3860.352,16536.121,41093.123
2025-06-30 19:00:00,20018.523,3785.01,16125.903,39929.436
2025-06-30 20:00:00,19516.133,3746.5984,16256.573,39519.3044
2025-06-30 21:00:00,19203.92,3900.5452,16428.004,39532.4692
2025-06-30 22:00:00,19315.92,3911.9082,16130.095,39357.9232
2025-06-30 23:00:00,18645.889,3652.9885,14918.585,37217.462499999994
2025-07-01 00:00:00,17918.627,3524.5493,14080.777,35523.9533
2025-07-01 01:00:00,17112.61,3369.397,13299.659,33781.666
2025-07-01 02:00:00,16573.67,3176.7039,12719.19,32469.5639
2025-07-01 03:00:00,16181.3545,3127.3428,12334.977,31643.6743
2025-07-01 04:00:00,16467.254,3188.0476,12587.4375,32242.7391
2025-07-01 05:00:00,16246.146,3294.5264,12847.209,32387.8814
2025-07-01 06:00:00,16764.89,3360.0942,13133.197,33258.1812
2025-07-01 07:00:00,17588.963,3320.0032,13634.896,34543.8622
2025-07-01 08:00:00,18305.65,3512.5857,14991.352,36809.587700000004
2025-07-01 09:00:00,19103.57,3738.5764,16008.792,38850.9384
2025-07-01 10:00:00,19992.973,3910.1648,16386.418,40289.5558
2025-07-01 11:00:00,20679.035,4067.6648,16446.957,41193.6568
2025-07-01 12:00:00,20410.154,4002.663,16230.308,40643.125
2025-07-01 13:00:00,20600.514,4207.9375,17265.525,42073.976500000004
2025-07-01 14:00:00,21126.42,4346.8135,17964.12,43437.3535
2025-07-01 15:00:00,21668.562,4380.328,18260.693,44309.583
2025-07-01 16:00:00,21415.982,4356.5425,18196.74,43969.264500000005
2025-07-01 17:00:00,21228.188,4233.166,17335.248,42796.602
2025-07-01 18:00:00,21034.746,4042.6384,16532.195,41609.5794
2025-07-01 19:00:00,20555.6,3960.7888,16161.403,40677.7918
2025-07-01 20:00:00,20177.297,3963.1174,16219.797,40360.2114
2025-07-01 21:00:00,19909.932,4050.1934,16137.571,40097.6964
2025-07-01 22:00:00,20089.2,4107.992,15731.965,39929.15700000001
2025-07-01 23:00:00,19979.28,3927.6562,14912.042,38818.9782
2025-07-02 00:00:00,18552.31,3688.311,14137.497,36378.118
2025-07-02 01:00:00,17380.463,3453.6826,13198.261,34032.4066
2025-07-02 02:00:00,16672.404,3220.0068,12409.604,32302.014799999997
2025-07-02 03:00:00,16520.918,3226.0164,12448.686,32195.6204
2025-07-02 04:00:00,16507.309,3179.3542,12404.829,32091.4922
2025-07-02 05:00:00,16701.51,3363.7273,12635.333,32700.5703
2025-07-02 06:00:00,17137.143,3474.352,13156.172,33767.667
2025-07-02 07:00:00,17931.557,3438.904,13533.381,34903.842
2025-07-02 08:00:00,18746.953,3653.8806,15247.377,37648.210600000006
2025-07-02 09:00:00,19655.857,3893.0154,16289.589,39838.4614
2025-07-02 10:00:00,20791.135,4124.4956,16708.701,41624.3316
2025-07-02 11:00:00,20937.738,4137.952,16346.799,41422.489
2025-07-02 12:00:00,21074.418,4121.449,16553.477,41749.344
2025-07-02 13:00:00,21442.875,4394.6455,17513.404,43350.924499999994
2025-07-02 14:00:00,21825.06,4520.751,18264.771,44610.582
2025-07-02 15:00:00,22112.324,4430.7964,18497.352,45040.4724
2025-07-02 16:00:00,22232.723,4518.0312,18824.102,45574.8562
2025-07-02 17:00:00,21681.578,4296.964,17581.957,43560.498999999996
2025-07-02 18:00:00,21230.82,4095.7703,16460.967,41787.5573
2025-07-02 19:00:00,21007.057,4029.9211,16014.854,41051.8321
2025-07-02 20:00:00,20485.695,4061.045,16292.127,40838.867
2025-07-02 21:00:00,20414.873,4146.4224,16469.656,41030.9514
2025-07-02 22:00:00,20482.283,4198.0317,16067.878,40748.1927
2025-07-02 23:00:00,20113.406,3937.1074,15111.514,39162.0274
2025-07-03 00:00:00,18975.486,3746.7434,14408.911,37131.140400000004
2025-07-03 01:00:00,17872.178,3476.4607,13410.51,34759.1487
2025-07-03 02:00:00,17460.543,3236.6357,12668.808,33365.9867
2025-07-03 03:00:00,17139.064,3233.5693,12675.991,33048.624299999996
2025-07-03 04:00:00,17405.967,3294.4744,13086.422,33786.8634
2025-07-03 05:00:00,17114.342,3407.1328,13107.462,33628.936799999996
2025-07-03 06:00:00,17513.766,3542.861,13381.087,34437.714
2025-07-03 07:00:00,18622.02,3602.3718,14045.924,36270.315800000004
2025-07-03 08:00:00,19024.307,3703.3252,15481.696,38209.3282
2025-07-03 09:00:00,19896.238,3950.3237,16562.945,40409.5067
2025-07-03 10:00:00,20752.691,4102.7383,16766.266,41621.6953
2025-07-03 11:00:00,21173.107,4193.4683,16670.975,42037.5503
2025-07-03 12:00:00,21354.797,4217.1465,16740.701,42312.644499999995
2025-07-03 13:00:00,21340.621,4399.2847,17648.566,43388.471699999995
2025-07-03 14:00:00,21961.174,4588.4326,18515.72,45065.3266
2025-07-03 15:00:00,22451.727,4547.665,18899.773,45899.165
2025-07-03 16:00:00,22106.37,4505.3813,18715.748,45327.499299999996
2025-07-03 17:00:00,21960.066,4419.84,17773.55,44153.456
2025-07-03 18:00:00,21760.291,4162.198,16785.586,42708.075
2025-07-03 19:00:00,21366.47,4049.4795,16525.69,41941.639500000005
2025-07-03 20:00:00,20657.312,4042.606,16580.418,41280.336
2025-07-03 21:00:00,20337.084,4179.189,16765.36,41281.633
2025-07-03 22:00:00,20583.512,4213.1943,16405.541,41202.2473
2025-07-03 23:00:00,20067.926,3919.5032,15071.387,39058.8162
2025-07-04 00:00:00,19067.209,3709.369,14336.817,37113.395
2025-07-04 01:00:00,18087.406,3478.2307,13599.63,35165.2667
2025-07-04 02:00:00,17624.387,3358.796,13133.696,34116.879
2025-07-04 03:00:00,17302.166,3268.1377,13065.969,33636.2727
2025-07-04 04:00:00,17236.207,3277.2332,13075.119,33588.559199999996
2025-07-04 05:00:00,17218.758,3412.1333,13273.707,33904.598300000005
2025-07-04 06:00:00,17464.656,3496.748,13398.855,34360.259
2025-07-04 07:00:00,18438.326,3496.8418,13867.1,35802.2678
2025-07-04 08:00:00,18916.01,3674.4587,15363.245,37953.7137
2025-07-04 09:00:00,19640.688,3842.1465,16288.4795,39771.314
2025-07-04 10:00:00,20789.207,4087.1492,16645.023,41521.379199999996
2025-07-04 11:00:00,21221.57,4210.8916,16499.168,41931.6296
2025-07-04 12:00:00,21046.098,4162.565,16415.246,41623.909
2025-07-04 13:00:00,21397.457,4457.618,17510.152,43365.227
2025-07-04 14:00:00,21718.627,4502.2734,18177.254,44398.1544
2025-07-04 15:00:00,22357.021,4580.3447,18881.79,45819.1557
2025-07-04 16:00:00,22163.65,4472.937,18736.414,45373.001000000004
2025-07-04 17:00:00,21744.266,4326.719,18048.838,44119.823000000004
2025-07-04 18:00:00,21518.883,4161.316,16893.393,42573.592000000004
2025-07-04 19:00:00,21339.803,3983.6313,16681.074,42004.5083
2025-07-04 20:00:00,20609.332,4053.7678,16762.377,41425.476800000004
2025-07-04 21:00:00,20344.727,4197.393,16914.148,41456.268
2025-07-04 22:00:00,20391.82,4188.809,16384.348,40964.977
2025-07-04 23:00:00,20165.998,4049.9468,15484.914,39700.8588
2025-07-05 00:00:00,19008.365,3763.2397,14705.085,37476.6897
2025-07-05 01:00:00,17824.455,3565.7935,13890.885,35281.1335
2025-07-05 02:00:00,17649.074,3469.6611,13366.022,34484.7571
2025-07-05 03:00:00,16898.54,3275.73,13030.654,33204.924
2025-07-05 04:00:00,16990.482,3346.0735,13220.759,33557.3145
2025-07-05 05:00:00,16804.75,3487.0222,13341.243,33633.0152
2025-07-05 06:00:00,17419.29,3560.046,13470.888,34450.224
2025-07-05 07:00:00,18210.992,3569.9924,13862.1,35643.0844
2025-07-05 08:00:00,18643.807,3754.5674,15195.313,37593.6874
2025-07-05 09:00:00,19674.525,3937.982,16019.793,39632.3
2025-07-05 10:00:00,20258.285,4127.237,16140.274,40525.796
2025-07-05 11:00:00,20845.082,4244.1484,16028.611,41117.841400000005
2025-07-05 12:00:00,20793.219,4217.6865,15909.444,40920.3495
2025-07-05 13:00:00,21037.719,4416.68,16997.908,42452.307
2025-07-05 14:00:00,21475.893,4571.2983,17781.092,43828.283299999996
2025-07-05 15:00:00,21357.045,4454.604,17778.463,43590.111999999994
2025-07-05 16:00:00,21319.479,4395.614,17667.627,43382.72
2025-07-05 17:00:00,21007.598,4198.3247,16552.596,41758.5187
2025-07-05 18:00:00,20531.672,4025.9849,15476.704,40034.3609
2025-07-05 19:00:00,20311.205,3997.7212,15299.13,39608.0562
2025-07-05 20:00:00,19819.176,3989.8154,15588.895,39397.8864
2025-07-05 21:00:00,19597.38,4095.3406,15755.706,39448.4266
2025-07-05 22:00:00,19534.355,4135.902,15489.872,39160.129
2025-07-05 23:00:00,19728.662,4026.5103,14940.146,38695.3183
2025-07-06 00:00:00,18421.49,3745.944,14025.679,36193.113
2025-07-06 01:00:00,17088.566,3508.475,13190.81,33787.850999999995
2025-07-06 02:00:00,16795.85,3317.78,12630.057,32743.686999999998
2025-07-06 03:00:00,16094.499,3238.4592,12320.993,31653.951200000003
2025-07-06 04:00:00,16081.655,3250.6309,12354.622,31686.907900000002
2025-07-06 05:00:00,16102.392,3382.5527,12496.07,31981.0147
2025-07-06 06:00:00,15986.463,3395.678,12172.327,31554.468
2025-07-06 07:00:00,16739.438,3401.0864,11938.648,32079.172399999996
2025-07-06 08:00:00,16914.447,3433.6924,12506.89,32855.0294
2025-07-06 09:00:00,17292.492,3572.5417,12791.333,33656.3667
2025-07-06 10:00:00,18199.617,3791.717,12914.764,34906.098
2025-07-06 11:00:00,18471.736,3839.6836,12548.571,34859.990600000005
2025-07-06 12:00:00,18459.352,3839.8577,12423.581,34722.7907
2025-07-06 13:00:00,18234.19,3972.3757,13024.441,35231.0067
2025-07-06 14:00:00,18949.896,4126.633,13983.234,37059.763000000006
2025-07-06 15:00:00,19229.834,4150.3413,14556.206,37936.3813
2025-07-06 16:00:00,19449.662,4117.8687,14606.334,38173.8647
2025-07-06 17:00:00,19130.482,3993.4915,13864.294,36988.2675
2025-07-06 18:00:00,19163.326,3887.1719,13567.616,36618.113900000004
2025-07-06 19:00:00,18847.379,3843.7598,13430.306,36121.4448
2025-07-06 20:00:00,18611.158,3855.6582,13840.672,36307.4882
2025-07-06 21:00:00,18494.295,3977.4368,14318.814,36790.5458
2025-07-06 22:00:00,18616.318,3946.2366,13975.559,36538.1136
2025-07-06 23:00:00,18373.607,3766.246,13017.201,35157.054
2025-07-07 00:00:00,17149.379,3504.0715,11982.7,32636.1505
2025-07-07 01:00:00,16080.594,3304.1086,11226.676,30611.3786
2025-07-07 02:00:00,15943.739,3163.9004,11055.514,30163.1534
2025-07-07 03:00:00,15689.904,3120.4043,10976.066,29786.374300000003
2025-07-07 04:00:00,15710.588,3108.0447,11044.348,29862.9807
2025-07-07 05:00:00,15696.097,3240.917,11499.678,30436.692
2025-07-07 06:00:00,16154.546,3293.6604,11831.26,31279.466399999998
2025-07-07 07:00:00,17156.99,3353.263,12345.218,32855.471000000005
2025-07-07 08:00:00,17992.66,3555.2205,14072.587,35620.4675
2025-07-07 09:00:00,18801.68,3760.267,15335.985,37897.932
2025-07-07 10:00:00,19927.436,3926.6768,15348.44,39202.552800000005
2025-07-07 11:00:00,20156.521,3988.8567,15652.564,39797.9417
2025-07-07 12:00:00,20567.275,4037.99,15977.555,40582.82
2025-07-07 13:00:00,20579.156,4223.2065,16813.428,41615.7905
2025-07-07 14:00:00,21228.234,4383.9917,17816.225,43428.4507
2025-07-07 15:00:00,21595.705,4401.095,18259.104,44255.904
2025-07-07 16:00:00,21478.227,4292.25,18067.484,43837.960999999996
2025-07-07 17:00:00,21090.621,4171.8335,17130.682,42393.1365
2025-07-07 18:00:00,21175.691,4033.6523,16213.034,41422.3773
2025-07-07 19:00:00,20949.307,3930.5813,16096.308,40976.196299999996
2025-07-07 20:00:00,20536.861,3980.5032,16492.898,41010.2622
2025-07-07 21:00:00,20626.748,4167.668,16797.988,41592.403999999995
2025-07-07 22:00:00,20364.125,4147.1997,16194.8545,40706.1792
2025-07-07 23:00:00,20051.072,3977.4973,15111.395,39139.9643
2025-07-08 00:00:00,18935.865,3751.9333,14441.732,37129.5303
2025-07-08 01:00:00,17561.9,3513.4915,13324.904,34400.2955
2025-07-08 02:00:00,17379.01,3395.0188,13031.315,33805.3438
2025-07-08 03:00:00,16660.139,3245.8022,12777.577,32683.5182
2025-07-08 04:00:00,17171.229,3336.5095,13015.217,33522.9555
2025-07-08 05:00:00,16844.328,3403.9941,13032.212,33280.534100000004
2025-07-08 06:00:00,17227.877,3471.7856,13186.444,33886.1066
2025-07-08 07:00:00,18130.883,3481.746,13843.617,35456.246
2025-07-08 08:00:00,18552.291,3560.2385,15066.935,37179.4645
2025-07-08 09:00:00,19557.285,3821.612,16206.226,39585.123
2025-07-08 10:00:00,20695.955,4047.6658,16441.96,41185.580799999996
2025-07-08 11:00:00,21141.098,4166.2925,16594.285,41901.6755
2025-07-08 12:00:00,21019.936,4131.869,16334.747,41486.551999999996
2025-07-08 13:00:00,21205.682,4324.335,17219.021,42749.038
2025-07-08 14:00:00,21974.95,4549.2617,18253.865,44778.076700000005
2025-07-08 15:00:00,22056.334,4480.5195,18419.812,44956.6655
2025-07-08 16:00:00,22027.11,4458.9937,18478.523,44964.6267
2025-07-08 17:00:00,21464.955,4307.071,17220.35,42992.376000000004
2025-07-08 18:00:00,21690.27,4185.8296,16557.078,42433.1776
2025-07-08 19:00:00,21265.607,4083.9985,16243.142,41592.7475
2025-07-08 20:00:00,20839.088,4106.3457,16170.461,41115.894700000004
2025-07-08 21:00:00,20784.83,4292.5713,16518.02,41595.4213
2025-07-08 22:00:00,20661.707,4218.105,16043.05,40922.861999999994
2025-07-08 23:00:00,20408.426,3952.9436,14989.934,39351.3036
2025-07-09 00:00:00,19135.514,3802.7441,14192.644,37130.9021
2025-07-09 01:00:00,18324.275,3586.596,13807.468,35718.33900000001
2025-07-09 02:00:00,17714.215,3381.8943,13208.321,34304.4303
2025-07-09 03:00:00,17049.287,3277.1519,12889.44,33215.8789
2025-07-09 04:00:00,17275.164,3321.5664,13019.902,33616.6324
2025-07-09 05:00:00,17129.613,3392.699,13228.251,33750.563
2025-07-09 06:00:00,17376.959,3448.5693,13369.388,34194.9163
2025-07-09 07:00:00,18429.188,3463.1953,13895.704,35788.0873
2025-07-09 08:00:00,19033.0,3620.253,15472.341,38125.594
2025-07-09 09:00:00,20054.297,3901.4846,16403.234,40359.0156
2025-07-09 10:00:00,20830.057,4076.155,16487.516,41393.728
2025-07-09 11:00:00,21285.791,4177.207,16349.966,41812.964
2025-07-09 12:00:00,21788.104,4219.774,16486.07,42493.948000000004
2025-07-09 13:00:00,21597.504,4360.7734,17369.463,43327.740399999995
2025-07-09 14:00:00,22535.111,4567.977,18372.76,45475.848
2025-07-09 15:00:00,22700.42,4525.193,18547.951,45773.564
2025-07-09 16:00:00,22359.379,4382.896,18472.69,45214.965
2025-07-09 17:00:00,21516.596,4171.1475,17282.2,42969.9435
2025-07-09 18:00:00,21709.338,4066.5715,16401.484,42177.393500000006
2025-07-09 19:00:00,21517.72,4042.3503,16528.334,42088.404299999995
2025-07-09 20:00:00,21357.92,4097.1045,16504.336,41959.360499999995
2025-07-09 21:00:00,21110.492,4186.0938,16613.14,41909.7258
2025-07-09 22:00:00,21259.408,4200.8755,16398.236,41858.519499999995
2025-07-09 23:00:00,20769.28,3977.6414,15336.091,40083.0124
2025-07-10 00:00:00,19398.943,3738.2815,14217.896,37355.120500000005
2025-07-10 01:00:00,18198.014,3489.7026,13470.896,35158.6126
2025-07-10 02:00:00,18107.719,3408.822,13210.338,34726.879
2025-07-10 03:00:00,17877.904,3362.6143,13016.152,34256.6703
2025-07-10 04:00:00,17651.46,3333.2703,12787.948,33772.6783
2025-07-10 05:00:00,17620.611,3411.273,13097.245,34129.129
2025-07-10 06:00:00,18084.04,3534.82,13571.999,35190.859
2025-07-10 07:00:00,18857.06,3542.8909,13973.074,36373.024900000004
2025-07-10 08:00:00,19658.75,3781.4717,15426.344,38866.5657
2025-07-10 09:00:00,20390.568,3939.9873,16416.89,40747.4453
2025-07-10 10:00:00,21040.578,4116.4785,16514.44,41671.4965
2025-07-10 11:00:00,21768.38,4334.8706,16572.393,42675.643599999996
2025-07-10 12:00:00,21763.516,4257.674,16411.908,42433.098
2025-07-10 13:00:00,21971.246,4490.6597,17529.246,43991.1517
2025-07-10 14:00:00,22510.09,4625.757,18486.898,45622.745
2025-07-10 15:00:00,22476.723,4580.398,18471.967,45529.088
2025-07-10 16:00:00,22211.875,4428.3755,18384.234,45024.484500000006
2025-07-10 17:00:00,21893.225,4269.1787,17209.732,43372.1357
2025-07-10 18:00:00,21864.463,4120.841,16597.383,42582.687000000005
2025-07-10 19:00:00,21690.514,4066.837,16331.784,42089.134999999995
2025-07-10 20:00:00,21396.885,4057.0674,16687.768,42141.7204
2025-07-10 21:00:00,21303.912,4261.63,16820.426,42385.968
2025-07-10 22:00:00,21200.863,4215.241,16273.637,41689.741
2025-07-10 23:00:00,20698.887,3985.2861,15210.436,39894.6091
2025-07-11 00:00:00,19779.74,3779.683,14596.039,38155.462
2025-07-11 01:00:00,18564.816,3578.586,13557.013,35700.415
2025-07-11 02:00:00,18125.383,3382.1106,12933.509,34441.0026
2025-07-11 03:00:00,17701.703,3325.896,12999.401,34027.0
2025-07-11 04:00:00,17922.379,3381.3608,13065.417,34369.1568
2025-07-11 05:00:00,17665.105,3474.6018,13567.61,34707.3168
2025-07-11 06:00:00,18066.514,3585.6492,13770.544,35422.7072
2025-07-11 07:00:00,18976.615,3580.8816,13885.286,36442.782600000006
2025-07-11 08:00:00,19679.154,3713.5957,15422.397,38815.1467
2025-07-11 09:00:00,20147.098,3933.3633,16169.621,40250.0823
2025-07-11 10:00:00,21141.105,4162.4097,16627.455,41930.9697
2025-07-11 11:00:00,21940.479,4294.0947,16534.729,42769.3027
2025-07-11 12:00:00,21843.184,4321.239,16672.2,42836.62300000001
2025-07-11 13:00:00,22113.293,4507.438,17684.812,44305.543000000005
2025-07-11 14:00:00,22428.354,4672.5176,18446.613,45547.484599999996
2025-07-11 15:00:00,22784.502,4644.322,18902.729,46331.553
2025-07-11 16:00:00,22417.533,4557.363,19015.719,45990.615000000005
2025-07-11 17:00:00,22110.947,4348.7075,17912.18,44371.8345
2025-07-11 18:00:00,22115.678,4184.851,17093.412,43393.941
2025-07-11 19:00:00,21531.78,4083.2412,17002.78,42617.8012
2025-07-11 20:00:00,21109.941,4063.7834,16883.992,42057.7164
2025-07-11 21:00:00,20794.596,4200.2046,17126.219,42121.0196
2025-07-11 22:00:00,21066.785,4258.6323,16735.785,42061.202300000004
2025-07-11 23:00:00,20812.908,4079.973,15724.214,40617.095
2025-07-12 00:00:00,19511.885,3842.954,14730.908,38085.747
2025-07-12 01:00:00,18456.95,3630.9355,14175.878,36263.7635
2025-07-12 02:00:00,18214.244,3510.3364,13592.155,35316.7354
2025-07-12 03:00:00,17719.434,3418.5967,13357.365,34495.3957
2025-07-12 04:00:00,17773.783,3428.227,13358.398,34560.407999999996
2025-07-12 05:00:00,17723.879,3544.8496,13710.246,34978.9746
2025-07-12 06:00:00,17933.266,3602.324,13549.274,35084.864
2025-07-12 07:00:00,18938.133,3650.9312,14040.613,36629.6772
2025-07-12 08:00:00,19364.047,3760.1592,15362.597,38486.8032
2025-07-12 09:00:00,20209.725,3968.0332,16123.905,40301.663199999995
2025-07-12 10:00:00,21367.018,4197.6953,16455.64,42020.3533
2025-07-12 11:00:00,21767.57,4323.43,16314.874,42405.873999999996
2025-07-12 12:00:00,21984.684,4385.691,16337.075,42707.45
2025-07-12 13:00:00,21871.424,4544.4214,17272.355,43688.2004
2025-07-12 14:00:00,22492.312,4665.3174,18285.17,45442.7994
2025-07-12 15:00:00,22711.908,4626.889,18549.73,45888.527
2025-07-12 16:00:00,22672.598,4517.286,18406.29,45596.174
2025-07-12 17:00:00,21843.55,4307.563,17092.604,43243.717
2025-07-12 18:00:00,21485.924,4062.9583,16132.594,41681.476299999995
2025-07-12 19:00:00,21265.213,4063.4155,15751.835,41080.4635
2025-07-12 20:00:00,20742.549,4044.0164,15940.874,40727.4394
2025-07-12 21:00:00,20897.578,4290.372,16386.812,41574.762
2025-07-12 22:00:00,21020.324,4280.3687,16161.893,41462.585699999996
2025-07-12 23:00:00,20884.002,4082.3777,15236.641,40203.0207
2025-07-13 00:00:00,19515.674,3854.8862,14537.934,37908.4942
2025-07-13 01:00:00,18394.127,3598.7312,13841.673,35834.531200000005
2025-07-13 02:00:00,18171.57,3472.0474,13235.356,34878.9734
2025-07-13 03:00:00,17483.021,3355.6028,12918.925,33757.548800000004
2025-07-13 04:00:00,17362.682,3399.4014,13030.066,33792.1494
2025-07-13 05:00:00,17244.871,3464.5225,13037.068,33746.4615
2025-07-13 06:00:00,17284.04,3472.879,12596.333,33353.252
2025-07-13 07:00:00,17867.146,3393.3118,12280.379,33540.836800000005
2025-07-13 08:00:00,18111.113,3525.1284,13110.079,34746.320400000004
2025-07-13 09:00:00,18697.613,3681.9219,13275.988,35655.5229
2025-07-13 10:00:00,19280.408,3810.4,13062.386,36153.194
2025-07-13 11:00:00,19953.484,3941.39,13341.445,37236.319
2025-07-13 12:00:00,19662.523,3901.5503,12860.099,36424.1723
2025-07-13 13:00:00,20084.871,4142.7524,14033.613,38261.2364
2025-07-13 14:00:00,20392.148,4276.0093,15078.374,39746.5313
2025-07-13 15:00:00,20957.422,4309.4404,15430.757,40697.619399999996
2025-07-13 16:00:00,20614.56,4184.12,15424.504,40223.184
2025-07-13 17:00:00,20414.908,4041.2246,14718.576,39174.7086
2025-07-13 18:00:00,20578.049,3969.205,14180.256,38727.51
2025-07-13 19:00:00,20293.314,3863.881,14314.1455,38471.3405
2025-07-13 20:00:00,20064.816,3894.6494,14666.187,38625.6524
2025-07-13 21:00:00,20235.81,4116.405,15190.572,39542.787
2025-07-13 22:00:00,20427.291,4101.6064,14828.371,39357.2684
2025-07-13 23:00:00,19989.906,3892.0894,13724.995,37606.9904
2025-07-14 00:00:00,19003.545,3707.4473,12952.221,35663.213299999996
2025-07-14 01:00:00,17923.613,3464.9644,12388.511,33777.0884
2025-07-14 02:00:00,17672.96,3378.7166,11790.391,32842.067599999995
2025-07-14 03:00:00,17217.646,3239.9783,11674.145,32131.7693
2025-07-14 04:00:00,17327.416,3272.9321,11938.79,32539.138100000004
2025-07-14 05:00:00,17412.885,3413.9697,12435.313,33262.1677
2025-07-14 06:00:00,17876.764,3490.217,12691.751,34058.732
2025-07-14 07:00:00,19034.725,3519.1702,13445.773,35999.6682
2025-07-14 08:00:00,19712.982,3646.981,14953.709,38313.672
2025-07-14 09:00:00,20330.182,3854.9827,15911.97,40097.1347
2025-07-14 10:00:00,21351.57,4017.0713,16133.658,41502.2993
2025-07-14 11:00:00,21841.852,4105.765,16102.74,42050.356999999996
2025-07-14 12:00:00,21994.42,4191.3994,16519.365,42705.1844
2025-07-14 13:00:00,22169.158,4306.921,17511.215,43987.293999999994
2025-07-14 14:00:00,23083.29,4612.8105,18731.428,46427.5285
2025-07-14 15:00:00,22868.588,4476.269,18845.207,46190.064
2025-07-14 16:00:00,22792.467,4417.3667,18918.148,46127.981700000004
2025-07-14 17:00:00,22532.027,4224.4272,17930.084,44686.538199999995
2025-07-14 18:00:00,22769.436,4132.829,17446.256,44348.521
2025-07-14 19:00:00,22624.162,4065.731,17353.695,44043.588
2025-07-14 20:00:00,22057.13,4112.026,17458.633,43627.789000000004
2025-07-14 21:00:00,22228.682,4248.7256,17407.81,43885.2176
2025-07-14 22:00:00,21951.953,4327.7573,16901.564,43181.274300000005
2025-07-14 23:00:00,21772.377,4148.1807,15940.143,41860.7007
2025-07-15 00:00:00,20485.63,3946.7075,14839.429,39271.7665
2025-07-15 01:00:00,19381.002,3659.168,14115.497,37155.667
2025-07-15 02:00:00,19000.652,3533.0217,13628.409,36162.0827
2025-07-15 03:00:00,18529.541,3432.3794,13718.117,35680.0374
2025-07-15 04:00:00,18590.098,3480.9578,13880.0205,35951.0763
2025-07-15 05:00:00,18732.074,3604.3203,14045.246,36381.6403
2025-07-15 06:00:00,19036.123,3647.017,14178.174,36861.314
2025-07-15 07:00:00,20102.5,3715.1394,14897.905,38715.5444
2025-07-15 08:00:00,20602.3,3823.4238,16159.39,40585.1138
2025-07-15 09:00:00,21409.783,4029.0366,16894.186,42333.005600000004
2025-07-15 10:00:00,22389.447,4237.622,17297.877,43924.945999999996
2025-07-15 11:00:00,22757.47,4304.407,17228.664,44290.541
2025-07-15 12:00:00,22829.514,4320.0845,16938.018,44087.616500000004
2025-07-15 13:00:00,23040.658,4575.1167,18078.031,45693.8057
2025-07-15 14:00:00,23793.717,4777.859,19046.594,47618.17
2025-07-15 15:00:00,23953.184,4716.5225,19394.637,48064.3435
2025-07-15 16:00:00,23555.201,4625.864,19278.861,47459.92600000001
2025-07-15 17:00:00,23223.457,4503.9097,18459.738,46187.104699999996
2025-07-15 18:00:00,23301.25,4396.0947,17478.27,45175.614700000006
2025-07-15 19:00:00,23307.332,4391.2505,17564.082,45262.6645
2025-07-15 20:00:00,22392.072,4292.944,17391.434,44076.45
2025-07-15 21:00:00,22653.055,4515.309,17637.213,44805.577000000005
2025-07-15 22:00:00,22294.24,4461.144,17244.734,44000.118
2025-07-15 23:00:00,22123.197,4304.8267,15893.902,42321.9257
2025-07-16 00:00:00,20789.826,4040.299,14974.892,39805.017
2025-07-16 01:00:00,19390.252,3749.621,14170.63,37310.503
2025-07-16 02:00:00,19295.32,3578.9766,13741.246,36615.5426
2025-07-16 03:00:00,18828.002,3547.8218,13616.641,35992.4648
2025-07-16 04:00:00,18593.912,3553.878,13549.986,35697.776
2025-07-16 05:00:00,18833.54,3671.6365,13957.225,36462.4015
2025-07-16 06:00:00,19134.287,3766.1824,14219.72,37120.1894
2025-07-16 07:00:00,20068.451,3812.3516,14651.968,38532.7706
2025-07-16 08:00:00,20882.457,3915.0786,15893.263,40690.7986
2025-07-16 09:00:00,21658.104,4149.4336,16985.318,42792.855599999995
2025-07-16 10:00:00,22549.906,4344.154,17057.295,43951.354999999996
2025-07-16 11:00:00,22961.744,4429.2207,16971.625,44362.5897
2025-07-16 12:00:00,22865.88,4461.446,16746.107,44073.433000000005
2025-07-16 13:00:00,23334.371,4668.7236,17956.527,45959.6216
2025-07-16 14:00:00,24007.25,4878.121,18814.787,47700.157999999996
2025-07-16 15:00:00,23871.885,4764.0005,19117.049,47752.934499999996
2025-07-16 16:00:00,23639.883,4716.1846,19045.213,47401.2806
2025-07-16 17:00:00,22923.238,4511.6494,17977.484,45412.3714
2025-07-16 18:00:00,22946.229,4429.829,17110.938,44486.996
2025-07-16 19:00:00,22992.0,4342.8057,17286.896,44621.701700000005
2025-07-16 20:00:00,22248.691,4336.6177,17220.768,43806.0767
2025-07-16 21:00:00,22381.602,4489.2056,17311.863,44182.6706
2025-07-16 22:00:00,22390.057,4493.7183,16956.719,43840.494300000006
2025-07-16 23:00:00,21811.955,4227.115,15604.0,41643.07
2025-07-17 00:00:00,20637.205,4016.4883,14664.4795,39318.1728
2025-07-17 01:00:00,19455.424,3758.979,13810.665,37025.068
2025-07-17 02:00:00,18972.61,3550.5583,12952.892,35476.0603
2025-07-17 03:00:00,19054.719,3543.637,13203.215,35801.570999999996
2025-07-17 04:00:00,18658.846,3570.6028,13314.988,35544.4368
2025-07-17 05:00:00,18589.926,3662.504,13330.843,35583.273
2025-07-17 06:00:00,18744.076,3706.9785,13238.148,35689.2025
2025-07-17 07:00:00,19787.27,3738.033,13954.784,37480.087
2025-07-17 08:00:00,20288.133,3902.7524,15212.92,39403.805400000005
2025-07-17 09:00:00,21302.293,4216.521,16418.219,41937.033
2025-07-17 10:00:00,22105.652,4365.687,16498.133,42969.472
2025-07-17 11:00:00,22683.666,4498.898,16491.639,43674.203
2025-07-17 12:00:00,22717.127,4491.5977,16374.415,43583.1397
2025-07-17 13:00:00,22778.844,4638.376,17334.111,44751.331000000006
2025-07-17 14:00:00,23165.943,4806.1294,18204.953,46177.0254
2025-07-17 15:00:00,23383.666,4813.415,18582.793,46779.874
2025-07-17 16:00:00,23283.816,4751.405,18740.559,46775.78
2025-07-17 17:00:00,23048.156,4598.8506,17785.545,45432.5516
2025-07-17 18:00:00,22893.652,4482.563,17195.236,44571.451
2025-07-17 19:00:00,22545.703,4346.4004,16761.557,43653.6604
2025-07-17 20:00:00,22050.965,4361.1694,16930.414,43342.5484
2025-07-17 21:00:00,21720.953,4456.1904,16913.467,43090.610400000005
2025-07-17 22:00:00,22014.447,4487.9766,16629.668,43132.0916
2025-07-17 23:00:00,21662.115,4228.258,15278.5625,41168.9355
2025-07-18 00:00:00,20407.477,3988.4077,14465.39,38861.274699999994
2025-07-18 01:00:00,19494.295,3791.0552,13749.976,37035.326199999996
2025-07-18 02:00:00,19025.707,3592.1875,13145.609,35763.5035
2025-07-18 03:00:00,18384.66,3444.5015,12858.911,34688.072499999995
2025-07-18 04:00:00,18405.725,3482.9521,13216.832,35105.509099999996
2025-07-18 05:00:00,18551.336,3636.9988,13570.427,35758.7618
2025-07-18 06:00:00,18688.213,3735.834,13764.504,36188.551
2025-07-18 07:00:00,19211.959,3626.0835,13860.616,36698.6585
2025-07-18 08:00:00,19955.516,3851.2434,15168.332,38975.0914
2025-07-18 09:00:00,20897.47,4129.7583,16450.453,41477.681300000004
2025-07-18 10:00:00,21794.236,4326.1035,16450.324,42570.6635
2025-07-18 11:00:00,22061.668,4417.284,16161.086,42640.038
2025-07-18 12:00:00,22284.03,4426.75,16326.139,43036.918999999994
2025-07-18 13:00:00,22576.514,4676.2827,17178.34,44431.1367
2025-07-18 14:00:00,23108.793,4817.906,18228.291,46154.990000000005
2025-07-18 15:00:00,23399.531,4782.4106,18599.086,46781.0276
2025-07-18 16:00:00,22874.91,4704.086,18499.547,46078.543
2025-07-18 17:00:00,22721.658,4549.4497,17861.479,45132.5867
2025-07-18 18:00:00,22448.87,4395.9673,16972.537,43817.374299999996
2025-07-18 19:00:00,21809.518,4263.945,16711.713,42785.176
2025-07-18 20:00:00,21143.848,4224.5435,16476.664,41845.0555
2025-07-18 21:00:00,20903.988,4383.833,16390.594,41678.415
2025-07-18 22:00:00,21163.48,4457.567,16302.289,41923.335999999996
2025-07-18 23:00:00,21005.203,4302.661,15325.006,40632.87
2025-07-19 00:00:00,19979.506,4086.4468,14579.017,38644.969800000006
2025-07-19 01:00:00,18729.676,3794.6516,13785.444,36309.7716
2025-07-19 02:00:00,18311.11,3602.8599,13087.741,35001.7109
2025-07-19 03:00:00,17658.67,3498.6692,12905.027,34062.3662
2025-07-19 04:00:00,17674.969,3503.2568,12997.9795,34176.2053
2025-07-19 05:00:00,17358.578,3564.7722,13273.11,34196.4602
2025-07-19 06:00:00,17705.049,3677.8342,13240.722,34623.6052
2025-07-19 07:00:00,18568.904,3680.336,13498.329,35747.568999999996
2025-07-19 08:00:00,18959.275,3800.4873,14600.282,37360.0443
2025-07-19 09:00:00,19611.709,3984.7678,15509.909,39106.385800000004
2025-07-19 10:00:00,20736.527,4248.7314,15913.856,40899.1144
2025-07-19 11:00:00,21170.9,4301.713,15607.555,41080.168000000005
2025-07-19 12:00:00,21273.168,4348.9355,15679.89,41301.9935
2025-07-19 13:00:00,21554.986,4573.0015,16596.322,42724.3095
2025-07-19 14:00:00,22014.943,4690.197,17340.06,44045.2
2025-07-19 15:00:00,22001.254,4613.351,17776.85,44391.455
2025-07-19 16:00:00,21707.6,4556.8486,17522.68,43787.1286
2025-07-19 17:00:00,20839.45,4272.197,16345.447,41457.094
2025-07-19 18:00:00,20785.406,4142.232,15297.431,40225.069
2025-07-19 19:00:00,20276.244,4073.2007,14975.708,39325.1527
2025-07-19 20:00:00,19908.582,4105.2944,15237.564,39251.4404
2025-07-19 21:00:00,19825.27,4229.4634,15483.765,39538.4984
2025-07-19 22:00:00,20002.705,4303.3633,15162.935,39469.003300000004
2025-07-19 23:00:00,19734.566,4031.8108,14271.871,38038.2478
2025-07-20 00:00:00,18594.736,3820.8645,13354.467,35770.067500000005
2025-07-20 01:00:00,17097.521,3507.9736,12522.119,33127.613600000004
2025-07-20 02:00:00,16998.705,3442.577,12119.065,32560.347
2025-07-20 03:00:00,16405.787,3278.002,11886.73,31570.519
2025-07-20 04:00:00,16286.108,3258.0413,11868.599,31412.7483
2025-07-20 05:00:00,15782.318,3321.6052,11827.025,30930.9482
2025-07-20 06:00:00,15948.61,3411.8604,11510.669,30871.1394
2025-07-20 07:00:00,16784.146,3407.4646,11625.069,31816.6796
2025-07-20 08:00:00,16641.693,3423.7046,11874.637,31940.0346
2025-07-20 09:00:00,17515.877,3596.5205,12256.889,33369.2865
2025-07-20 10:00:00,18173.96,3825.9731,12278.407,34278.3401
2025-07-20 11:00:00,18647.8,3877.0574,12242.321,34767.178400000004
2025-07-20 12:00:00,18590.115,3869.2983,12028.937,34488.3503
2025-07-20 13:00:00,18846.697,4069.5085,12963.076,35879.2815
2025-07-20 14:00:00,19452.893,4225.1357,13957.956,37635.9847
2025-07-20 15:00:00,19437.709,4135.537,14214.411,37787.657
2025-07-20 16:00:00,19289.146,4112.0747,14384.81,37786.0307
2025-07-20 17:00:00,19094.742,3963.2302,13485.665,36543.6372
2025-07-20 18:00:00,19326.71,3881.9822,13193.668,36402.360199999996
2025-07-20 19:00:00,19188.594,3862.7961,13353.553,36404.943100000004
2025-07-20 20:00:00,19008.27,3900.7903,13855.992,36765.0523
2025-07-20 21:00:00,19056.428,4038.8206,14203.117,37298.3656
2025-07-20 22:00:00,19040.02,4022.9756,13668.152,36731.147600000004
2025-07-20 23:00:00,18857.979,3870.745,12970.318,35699.042
2025-07-21 00:00:00,17681.732,3590.4758,12186.216,33458.423800000004
2025-07-21 01:00:00,16514.812,3362.9272,11336.373,31214.112200000003
2025-07-21 02:00:00,16376.281,3201.1711,11060.986,30638.438100000003
2025-07-21 03:00:00,15809.223,3059.016,10984.219,29852.458
2025-07-21 04:00:00,15933.6045,3134.7961,11084.324,30152.7246
2025-07-21 05:00:00,15789.387,3230.0957,11425.811,30445.293700000002
2025-07-21 06:00:00,16579.963,3378.6294,11985.587,31944.1794
2025-07-21 07:00:00,17495.906,3373.6362,12498.772,33368.3142
2025-07-21 08:00:00,18247.93,3587.8455,14165.527,36001.3025
2025-07-21 09:00:00,19009.42,3772.5854,15275.935,38057.9404
2025-07-21 10:00:00,20132.275,3950.892,15625.4,39708.567
2025-07-21 11:00:00,20827.092,4075.1936,15705.553,40607.8386
2025-07-21 12:00:00,21133.043,4108.545,15947.811,41189.399000000005
2025-07-21 13:00:00,20875.098,4262.839,16718.434,41856.371
2025-07-21 14:00:00,21501.451,4429.0146,17545.4,43475.865600000005
2025-07-21 15:00:00,21919.053,4414.516,18183.795,44517.364
2025-07-21 16:00:00,21597.936,4321.1216,18014.326,43933.3836
2025-07-21 17:00:00,21241.701,4112.152,17200.79,42554.643000000004
2025-07-21 18:00:00,21568.043,4017.1484,16332.702,41917.8934
2025-07-21 19:00:00,21178.26,3931.9639,16348.697,41458.9209
2025-07-21 20:00:00,20765.889,4004.697,16521.443,41292.028999999995
2025-07-21 21:00:00,20737.707,4165.309,16814.742,41717.758
2025-07-21 22:00:00,20646.336,4182.869,16167.872,40997.077
2025-07-21 23:00:00,20423.18,4016.5383,15309.157,39748.8753
2025-07-22 00:00:00,19544.93,3840.2773,14668.68,38053.8873
2025-07-22 01:00:00,18365.375,3593.142,13805.573,35764.09
2025-07-22 02:00:00,17772.896,3397.3,13212.299,34382.495
2025-07-22 03:00:00,17052.049,3298.059,13049.424,33399.532
2025-07-22 04:00:00,17135.385,3261.5903,13033.978,33430.953299999994
2025-07-22 05:00:00,16958.041,3415.4827,13168.71,33542.2337
2025-07-22 06:00:00,17809.146,3545.5122,13631.729,34986.3872
2025-07-22 07:00:00,18652.885,3514.9788,14128.753,36296.6168
2025-07-22 08:00:00,19350.44,3660.9016,15348.845,38360.1866
2025-07-22 09:00:00,20298.672,3965.5615,16360.281,40624.5145
2025-07-22 10:00:00,20934.402,4086.4343,16434.146,41454.9823
2025-07-22 11:00:00,21389.89,4185.084,16358.419,41933.393
2025-07-22 12:00:00,21775.95,4253.359,16560.182,42589.491
2025-07-22 13:00:00,21880.695,4455.4277,17314.535,43650.657699999996
2025-07-22 14:00:00,22398.814,4637.5415,18231.121,45267.4765
2025-07-22 15:00:00,22671.775,4547.4507,18420.54,45639.7657
2025-07-22 16:00:00,22391.756,4445.4146,18512.455,45349.6256
2025-07-22 17:00:00,22068.59,4325.3843,17654.158,44048.1323
2025-07-22 18:00:00,22380.744,4234.223,16909.902,43524.86899999999
2025-07-22 19:00:00,21940.568,4140.839,16510.324,42591.731
2025-07-22 20:00:00,21510.896,4145.2476,16623.77,42279.9136
2025-07-22 21:00:00,21409.135,4306.9653,16817.504,42533.6043
2025-07-22 22:00:00,21331.012,4356.6377,16418.764,42106.4137
2025-07-22 23:00:00,20985.1,4099.402,15336.926,40421.428
2025-07-23 00:00:00,19867.89,3878.0442,14415.977,38161.9112
2025-07-23 01:00:00,18537.41,3629.1875,13916.551,36083.148499999996
2025-07-23 02:00:00,18264.908,3502.9866,13349.56,35117.4546
2025-07-23 03:00:00,17990.037,3395.9832,13327.89,34713.9102
2025-07-23 04:00:00,17967.928,3392.2527,13300.424,34660.6047
2025-07-23 05:00:00,17633.895,3513.7437,13464.834,34612.4727
2025-07-23 06:00:00,18094.607,3592.4043,13617.989,35305.0003
2025-07-23 07:00:00,19158.172,3577.2524,14113.197,36848.6214
2025-07-23 08:00:00,19568.111,3732.4373,15433.217,38733.7653
2025-07-23 09:00:00,20518.887,3940.0417,16317.656,40776.5847
2025-07-23 10:00:00,21383.777,4196.512,16399.049,41979.337999999996
2025-07-23 11:00:00,21926.14,4298.212,16307.251,42531.603
2025-07-23 12:00:00,22146.375,4311.0903,16351.798,42809.2633
2025-07-23 13:00:00,22387.613,4568.156,17200.852,44156.621
2025-07-23 14:00:00,22823.2,4666.716,17995.852,45485.768
2025-07-23 15:00:00,22849.666,4602.502,18429.803,45881.971000000005
2025-07-23 16:00:00,22758.314,4510.838,18461.387,45730.539
2025-07-23 17:00:00,22066.387,4316.605,17390.037,43773.028999999995
2025-07-23 18:00:00,22143.055,4195.273,16592.68,42931.008
2025-07-23 19:00:00,22107.076,4210.936,16509.852,42827.864
2025-07-23 20:00:00,21764.398,4230.981,16645.162,42640.541
2025-07-23 21:00:00,21619.863,4359.752,16786.855,42766.47
2025-07-23 22:00:00,21562.514,4354.2656,16115.432,42032.211599999995
2025-07-23 23:00:00,21143.045,4108.5034,15141.985,40393.5334
2025-07-24 00:00:00,20086.66,3877.478,14341.736,38305.873999999996
2025-07-24 01:00:00,18565.51,3654.7622,13512.712,35732.9842
2025-07-24 02:00:00,18291.695,3445.6914,12982.018,34719.4044
2025-07-24 03:00:00,17766.812,3337.9958,12602.159,33706.9668
2025-07-24 04:00:00,17691.871,3345.8276,12697.688,33735.3866
2025-07-24 05:00:00,17598.002,3444.8271,12993.3545,34036.1836
2025-07-24 06:00:00,18217.84,3523.8853,12985.097,34726.8223
2025-07-24 07:00:00,19198.494,3663.707,13862.045,36724.246
2025-07-24 08:00:00,19790.312,3842.0315,15194.633,38826.976500000004
2025-07-24 09:00:00,20680.604,4053.0574,16117.464,40851.125400000004
2025-07-24 10:00:00,21210.879,4203.7266,16183.419,41598.024600000004
2025-07-24 11:00:00,21965.4,4386.604,16227.337,42579.341
2025-07-24 12:00:00,22065.572,4364.67,16106.419,42536.661
2025-07-24 13:00:00,22192.441,4584.652,16822.271,43599.364
2025-07-24 14:00:00,22715.799,4753.993,17954.092,45423.884000000005
2025-07-24 15:00:00,22975.477,4728.1567,18308.39,46012.0237
2025-07-24 16:00:00,22486.205,4635.017,18289.469,45410.691000000006
2025-07-24 17:00:00,22080.766,4518.3013,17421.299,44020.366299999994
2025-07-24 18:00:00,22479.012,4423.0806,16860.533,43762.6256
2025-07-24 19:00:00,21964.121,4293.3477,16457.092,42714.5607
2025-07-24 20:00:00,21436.703,4310.198,16530.555,42277.456000000006
2025-07-24 21:00:00,21448.361,4468.1094,16624.012,42540.4824
2025-07-24 22:00:00,21366.578,4468.588,16201.674,42036.840000000004
2025-07-24 23:00:00,21253.012,4285.186,15131.935,40670.132999999994
2025-07-25 00:00:00,19753.736,3968.6052,13971.409,37693.7502
2025-07-25 01:00:00,18584.518,3717.2886,13506.141,35807.9476
2025-07-25 02:00:00,18439.07,3564.5815,13006.253,35009.904500000004
2025-07-25 03:00:00,17771.574,3483.2244,12884.445,34139.2434
2025-07-25 04:00:00,17857.611,3422.0002,13100.775,34380.3862
2025-07-25 05:00:00,17729.795,3547.6885,13335.895,34613.3785
2025-07-25 06:00:00,18207.473,3658.4138,13456.71,35322.5968
2025-07-25 07:00:00,19324.686,3663.1013,13947.539,36935.3263
2025-07-25 08:00:00,19617.207,3801.6953,15289.452,38708.3543
2025-07-25 09:00:00,20528.062,4006.9946,16119.198,40654.2546
2025-07-25 10:00:00,21418.775,4252.2017,16311.164,41982.1407
2025-07-25 11:00:00,21967.332,4357.73,16187.371,42512.433
2025-07-25 12:00:00,21992.314,4414.9487,16092.855,42500.1177
2025-07-25 13:00:00,22249.111,4661.012,16952.943,43863.066
2025-07-25 14:00:00,22901.973,4815.5747,17945.89,45663.4377
2025-07-25 15:00:00,22708.145,4678.065,18250.646,45636.856
2025-07-25 16:00:00,22495.479,4649.5884,18378.164,45523.231400000004
2025-07-25 17:00:00,22330.547,4534.4326,17690.754,44555.7336
2025-07-25 18:00:00,22177.28,4384.3013,16701.252,43262.8333
2025-07-25 19:00:00,22289.3,4326.81,16873.68,43489.79
2025-07-25 20:00:00,21795.875,4374.2163,16953.232,43123.323300000004
2025-07-25 21:00:00,21704.281,4575.0273,17022.54,43301.8483
2025-07-25 22:00:00,21541.98,4544.0137,16571.816,42657.8097
2025-07-25 23:00:00,21362.867,4313.899,15483.218,41159.984
2025-07-26 00:00:00,20155.422,4085.7446,14632.767,38873.9336
2025-07-26 01:00:00,19058.95,3831.3616,13752.844,36643.1556
2025-07-26 02:00:00,18447.732,3690.646,13397.734,35536.112
2025-07-26 03:00:00,18095.082,3576.8572,13291.049,34962.9882
2025-07-26 04:00:00,17946.12,3520.8416,12962.973,34429.9346
2025-07-26 05:00:00,17442.848,3595.2905,13087.665,34125.8035
2025-07-26 06:00:00,18345.465,3712.753,13427.587,35485.805
2025-07-26 07:00:00,18998.523,3729.982,13617.979,36346.484
2025-07-26 08:00:00,19612.771,3844.626,14858.624,38316.021
2025-07-26 09:00:00,20491.902,4091.515,15617.796,40201.212999999996
2025-07-26 10:00:00,21383.943,4303.463,15654.055,41341.460999999996
2025-07-26 11:00:00,22082.639,4429.9077,15786.606,42299.1527
2025-07-26 12:00:00,22179.312,4431.6133,15630.542,42241.467300000004
2025-07-26 13:00:00,22015.041,4602.3306,16385.217,43002.5886
2025-07-26 14:00:00,22389.5,4711.233,17184.15,44284.883
2025-07-26 15:00:00,22598.377,4649.5957,17583.338,44831.3107
2025-07-26 16:00:00,22400.066,4575.3843,17609.672,44585.122299999995
2025-07-26 17:00:00,21775.984,4373.1646,16439.484,42588.6326
2025-07-26 18:00:00,22005.184,4234.1787,15656.597,41895.9597
2025-07-26 19:00:00,21494.783,4146.374,15359.534,41000.691
2025-07-26 20:00:00,21018.09,4232.829,15537.301,40788.22
2025-07-26 21:00:00,21116.85,4404.0327,15812.913,41333.7957
2025-07-26 22:00:00,21196.791,4457.981,15330.936,40985.708
2025-07-26 23:00:00,20742.633,4179.487,14413.912,39336.03200000001
2025-07-27 00:00:00,19530.443,3906.1106,13492.849,36929.4026
2025-07-27 01:00:00,18361.578,3745.7705,12677.945,34785.2935
2025-07-27 02:00:00,17924.965,3592.7212,12459.698,33977.3842
2025-07-27 03:00:00,17378.654,3450.6064,12109.401,32938.6614
2025-07-27 04:00:00,17651.754,3498.3079,12311.91,33461.971900000004
2025-07-27 05:00:00,17305.71,3546.1228,12327.048,33178.8808
2025-07-27 06:00:00,17190.693,3504.0466,12031.301,32726.0406
2025-07-27 07:00:00,17862.258,3521.2617,11842.773,33226.2927
2025-07-27 08:00:00,17936.885,3582.6614,12102.902,33622.4484
2025-07-27 09:00:00,18592.963,3729.9011,12464.056,34786.9201
2025-07-27 10:00:00,19468.387,3926.023,12188.832,35583.242
2025-07-27 11:00:00,19834.43,3947.9648,11826.384,35608.7788
2025-07-27 12:00:00,19961.736,3976.492,12009.525,35947.753000000004
2025-07-27 13:00:00,19918.53,4151.4272,12853.023,36922.9802
2025-07-27 14:00:00,20471.287,4299.393,13667.052,38437.732
2025-07-27 15:00:00,20649.568,4325.8774,14136.203,39111.6484
2025-07-27 16:00:00,20567.723,4224.25,14275.348,39067.321
2025-07-27 17:00:00,20222.047,4087.5176,13670.213,37979.7776
2025-07-27 18:00:00,20429.613,4008.1729,13535.096,37972.8819
2025-07-27 19:00:00,20345.459,3979.5232,13389.619,37714.6012
2025-07-27 20:00:00,20065.537,4084.0576,13975.392,38124.986600000004
2025-07-27 21:00:00,20112.098,4231.76,14022.6045,38366.4625
2025-07-27 22:00:00,20222.135,4277.2295,13795.387,38294.7515
2025-07-27 23:00:00,20078.059,4089.0854,12789.923,36957.0674
2025-07-28 00:00:00,18781.582,3823.642,11900.626,34505.85
2025-07-28 01:00:00,17630.352,3566.2473,11305.9,32502.499299999996
2025-07-28 02:00:00,17224.72,3445.3306,10937.677,31607.727600000002
2025-07-28 03:00:00,17345.225,3364.8098,10938.609,31648.643799999998
2025-07-28 04:00:00,17234.41,3351.8213,11115.845,31702.0763
2025-07-28 05:00:00,17343.398,3494.9182,11589.818,32428.1342
2025-07-28 06:00:00,17809.652,3563.8552,12038.791,33412.2982
2025-07-28 07:00:00,18925.85,3605.3242,12742.834,35274.0082
2025-07-28 08:00:00,19516.676,3723.874,14000.863,37241.413
2025-07-28 09:00:00,20339.19,3961.659,15099.268,39400.117
2025-07-28 10:00:00,21397.068,4169.023,15195.494,40761.585
2025-07-28 11:00:00,22128.303,4237.295,15301.868,41667.466
2025-07-28 12:00:00,22182.64,4309.131,15361.887,41853.658
2025-07-28 13:00:00,22199.352,4467.6895,16259.564,42926.6055
2025-07-28 14:00:00,22717.914,4566.8228,16990.424,44275.1608
2025-07-28 15:00:00,22879.307,4521.9224,17413.44,44814.6694
2025-07-28 16:00:00,22434.727,4462.5757,17492.865,44390.167700000005
2025-07-28 17:00:00,22541.111,4290.6445,16905.438,43737.193499999994
2025-07-28 18:00:00,22451.945,4160.032,15949.952,42561.929
2025-07-28 19:00:00,22405.152,4112.7334,16025.002,42542.8874
2025-07-28 20:00:00,21631.178,4130.214,15910.659,41672.051
2025-07-28 21:00:00,21558.76,4355.1177,16230.017,42143.8947
2025-07-28 22:00:00,21757.533,4346.105,15510.894,41614.532
2025-07-28 23:00:00,21374.088,4210.951,14388.182,39973.221000000005
2025-07-29 00:00:00,20276.389,3997.0945,13645.859,37919.3425
2025-07-29 01:00:00,19020.979,3780.313,12757.037,35558.329
2025-07-29 02:00:00,18546.371,3605.8086,12250.429,34402.6086
2025-07-29 03:00:00,18195.377,3500.1296,12225.501,33921.0076
2025-07-29 04:00:00,18315.463,3581.1592,12347.417,34244.0392
2025-07-29 05:00:00,18001.018,3671.5286,12764.602,34437.1486
2025-07-29 06:00:00,18690.969,3752.7341,12932.018,35375.7211
2025-07-29 07:00:00,19504.205,3690.4253,13498.262,36692.8923
2025-07-29 08:00:00,20154.473,3877.6692,14769.64,38801.7822
2025-07-29 09:00:00,21050.844,4076.9258,15587.111,40714.8808
2025-07-29 10:00:00,21796.668,4291.4463,15519.534,41607.6483
2025-07-29 11:00:00,22406.102,4401.6313,15473.108,42280.8413
2025-07-29 12:00:00,22446.904,4436.5127,15446.627,42330.043699999995
2025-07-29 13:00:00,22471.623,4603.883,16203.417,43278.923
2025-07-29 14:00:00,22992.816,4783.999,17159.332,44936.147
2025-07-29 15:00:00,23120.508,4707.6006,17692.068,45520.1766
2025-07-29 16:00:00,22724.924,4659.2305,17535.836,44919.9905
2025-07-29 17:00:00,22767.818,4545.415,16844.305,44157.538
2025-07-29 18:00:00,22530.94,4421.2617,15967.643,42919.8447
2025-07-29 19:00:00,22335.746,4352.233,15667.054,42355.032999999996
2025-07-29 20:00:00,21996.67,4373.4053,15853.058,42223.1333
2025-07-29 21:00:00,21705.371,4497.9653,15832.433,42035.7693
2025-07-29 22:00:00,21534.451,4483.7153,15221.883,41240.0493
2025-07-29 23:00:00,21562.863,4340.179,14159.126,40062.168000000005
2025-07-30 00:00:00,20257.488,4115.3984,13410.314,37783.2004
2025-07-30 01:00:00,18867.496,3837.174,12556.825,35261.494999999995
2025-07-30 02:00:00,18568.293,3664.5422,12097.922,34330.7572
2025-07-30 03:00:00,18115.682,3599.9,12094.1,33809.682
2025-07-30 04:00:00,17955.072,3569.7415,12104.125,33628.938500000004
2025-07-30 05:00:00,17795.713,3666.0723,12457.778,33919.5633
2025-07-30 06:00:00,18037.627,3692.8508,12583.221,34313.6988
2025-07-30 07:00:00,19302.56,3761.2976,13126.785,36190.64260000001
2025-07-30 08:00:00,19746.898,3829.7334,14427.393,38004.0244
2025-07-30 09:00:00,20755.746,4140.526,15310.535,40206.807
2025-07-30 10:00:00,21498.578,4331.0605,15470.992,41300.6305
2025-07-30 11:00:00,21979.826,4372.003,15272.276,41624.105
2025-07-30 12:00:00,22146.21,4401.6313,15054.18,41602.0213
2025-07-30 13:00:00,22226.182,4599.9717,15823.259,42649.4127
2025-07-30 14:00:00,22919.535,4738.1445,16963.795,44621.4745
2025-07-30 15:00:00,23024.0,4693.8833,17220.146,44938.0293
2025-07-30 16:00:00,22351.363,4576.015,17131.32,44058.698000000004
2025-07-30 17:00:00,22303.953,4430.3936,16341.377,43075.7236
2025-07-30 18:00:00,22112.918,4326.699,15851.18,42290.797000000006
2025-07-30 19:00:00,21698.244,4250.308,15285.394,41233.945999999996
2025-07-30 20:00:00,21392.467,4305.5796,15578.577,41276.6236
2025-07-30 21:00:00,21337.158,4474.617,15612.311,41424.086
2025-07-30 22:00:00,21526.486,4508.0977,15183.118,41217.701700000005
2025-07-30 23:00:00,21031.137,4249.013,14001.249,39281.399
2025-07-31 00:00:00,19486.658,4003.3652,12712.306,36202.3292
2025-07-31 01:00:00,18554.23,3797.1074,12061.627,34412.9644
2025-07-31 02:00:00,17889.17,3522.1267,11554.587,32965.8837
2025-07-31 03:00:00,17475.35,3416.9958,11279.947,32172.2928
2025-07-31 04:00:00,17851.955,3452.9,11522.704,32827.559
2025-07-31 05:00:00,17489.994,3528.345,11849.127,32867.466
2025-07-31 06:00:00,17765.375,3624.3408,11874.424,33264.1398
2025-07-31 07:00:00,18534.531,3679.5227,12725.862,34939.9157
2025-07-31 08:00:00,19177.697,3851.4556,13886.929,36916.081600000005
2025-07-31 09:00:00,19795.223,4065.6936,14738.982,38599.8986
2025-07-31 10:00:00,20812.656,4263.132,15159.713,40235.501000000004
2025-07-31 11:00:00,21703.322,4336.387,15030.318,41070.027
2025-07-31 12:00:00,21611.664,4360.889,14951.34,40923.893
2025-07-31 13:00:00,21830.902,4594.0273,15995.564,42420.493299999995
2025-07-31 14:00:00,22244.14,4742.5645,16757.547,43744.2515
2025-07-31 15:00:00,22540.732,4686.423,16957.559,44184.714
2025-07-31 16:00:00,21915.86,4594.5015,16929.488,43439.8495
2025-07-31 17:00:00,21517.969,4407.736,16010.623,41936.328
2025-07-31 18:00:00,21449.5,4280.1367,15533.446,41263.0827
2025-07-31 19:00:00,21251.854,4153.051,15190.641,40595.546
2025-07-31 20:00:00,20773.648,4220.0796,15230.815,40224.5426
2025-07-31 21:00:00,20649.26,4389.2456,15351.514,40390.0196
2025-07-31 22:00:00,20852.852,4357.4976,14577.156,39787.5056
2025-07-31 23:00:00,20761.758,4199.416,13709.598,38670.772000000004
2025-08-01 00:00:00,19629.977,3963.6167,12905.096,36498.689699999995
2025-08-01 01:00:00,18419.645,3718.1033,12242.101,34379.8493
2025-08-01 02:00:00,17684.965,3478.1504,11695.3955,32858.5109
2025-08-01 03:00:00,17376.396,3323.7358,11566.058,32266.1898
2025-08-01 04:00:00,17312.266,3341.5386,11751.84,32405.6446
2025-08-01 05:00:00,17730.303,3559.14,12188.242,33477.685
2025-08-01 06:00:00,17680.178,3604.6675,12424.363,33709.2085
2025-08-01 07:00:00,18407.547,3585.1484,12951.957,34944.6524
2025-08-01 08:00:00,18953.549,3789.4138,14286.397,37029.3598
2025-08-01 09:00:00,20036.543,4014.6257,14992.666,39043.8347
2025-08-01 10:00:00,20937.86,4214.199,15296.502,40448.561
2025-08-01 11:00:00,21495.244,4318.8037,15322.821,41136.8687
2025-08-01 12:00:00,21791.594,4373.0664,15057.741,41222.4014
2025-08-01 13:00:00,21924.793,4622.6255,16090.135,42637.5535
2025-08-01 14:00:00,22420.496,4767.608,16841.467,44029.570999999996
2025-08-01 15:00:00,22546.488,4697.7935,17244.62,44488.9015
2025-08-01 16:00:00,22315.771,4641.714,17562.48,44519.965
2025-08-01 17:00:00,21589.688,4375.8604,16755.758,42721.3064
2025-08-01 18:00:00,21388.326,4190.363,15942.501,41521.19
2025-08-01 19:00:00,21194.307,4122.407,15630.606,40947.32
2025-08-01 20:00:00,20581.51,4133.852,15732.67,40448.032
2025-08-01 21:00:00,20717.443,4316.11,16014.105,41047.657999999996
2025-08-01 22:00:00,20758.324,4339.558,15214.479,40312.361000000004
2025-08-01 23:00:00,20665.557,4207.3965,14448.447,39321.4005
2025-08-02 00:00:00,19370.496,3948.716,13664.992,36984.204
2025-08-02 01:00:00,18259.547,3707.6213,12814.669,34781.8373
2025-08-02 02:00:00,17783.746,3520.7808,12299.364,33603.8908
2025-08-02 03:00:00,17390.06,3446.3943,12241.792,33078.2463
2025-08-02 04:00:00,17652.803,3428.8313,12544.683,33626.317299999995
2025-08-02 05:00:00,17423.053,3569.0967,12834.595,33826.7447
2025-08-02 06:00:00,17630.71,3623.8086,12868.028,34122.5466
2025-08-02 07:00:00,18533.041,3616.696,13378.876,35528.613
2025-08-02 08:00:00,18818.633,3772.0266,14428.104,37018.763600000006
2025-08-02 09:00:00,19715.664,4008.948,15243.287,38967.899000000005
2025-08-02 10:00:00,20676.21,4156.6816,15376.271,40209.162599999996
2025-08-02 11:00:00,21092.2,4210.0903,14919.594,40221.8843
2025-08-02 12:00:00,21276.482,4280.884,15065.235,40622.601
2025-08-02 13:00:00,21240.8,4430.5986,15751.255,41422.6536
2025-08-02 14:00:00,21616.19,4558.159,16681.549,42855.898
2025-08-02 15:00:00,21928.91,4517.379,17120.799,43567.088
2025-08-02 16:00:00,21622.78,4384.621,17017.996,43025.397
2025-08-02 17:00:00,21229.082,4201.1157,16056.213,41486.41069999999
2025-08-02 18:00:00,20902.76,4080.2527,15236.346,40219.3587
2025-08-02 19:00:00,20605.88,4029.645,15265.306,39900.831000000006
2025-08-02 20:00:00,20011.223,4100.3457,15284.982,39396.55070000001
2025-08-02 21:00:00,20153.686,4255.054,15580.79,39989.53
2025-08-02 22:00:00,20457.531,4324.6465,15229.642,40011.8195
2025-08-02 23:00:00,20034.375,4194.6895,14260.828,38489.8925
2025-08-03 00:00:00,19204.844,3971.6274,13483.26,36659.731400000004
2025-08-03 01:00:00,17937.094,3710.2034,12611.314,34258.6114
2025-08-03 02:00:00,17443.89,3528.8645,12289.061,33261.8155
2025-08-03 03:00:00,17079.006,3398.1274,12140.879,32618.012400000003
2025-08-03 04:00:00,17059.492,3389.1838,12372.01,32820.6858
2025-08-03 05:00:00,16777.113,3422.1465,12353.5,32552.7595
2025-08-03 06:00:00,16747.727,3440.635,12182.403,32370.765
2025-08-03 07:00:00,17543.516,3466.3499,12104.476,33114.3419
2025-08-03 08:00:00,17511.434,3525.8157,12363.992,33401.2417
2025-08-03 09:00:00,18036.988,3646.4893,12573.542,34257.0193
2025-08-03 10:00:00,18686.129,3806.2637,12340.717,34833.1097
2025-08-03 11:00:00,19310.367,3878.0293,12276.501,35464.8973
2025-08-03 12:00:00,19126.78,3836.0051,12140.025,35102.810099999995
2025-08-03 13:00:00,19406.895,4091.027,12992.581,36490.503
2025-08-03 14:00:00,19804.252,4233.1978,13955.109,37992.5588
2025-08-03 15:00:00,20096.252,4202.1753,14315.385,38613.8123
2025-08-03 16:00:00,20030.87,4183.093,14612.462,38826.425
2025-08-03 17:00:00,19742.434,4021.8481,14183.291,37947.5731
2025-08-03 18:00:00,19543.004,3883.7644,13912.513,37339.2814
2025-08-03 19:00:00,19937.998,3944.988,14300.738,38183.724
2025-08-03 20:00:00,19346.865,3972.308,14338.219,37657.392
2025-08-03 21:00:00,19498.934,4133.5464,14466.606,38099.0864
2025-08-03 22:00:00,19658.184,4158.3823,13810.718,37627.2843
2025-08-03 23:00:00,19339.666,3979.0725,12885.989,36204.7275
2025-08-04 00:00:00,18240.39,3815.1326,12046.493,34102.0156
2025-08-04 01:00:00,16853.912,3497.5234,11002.556,31353.991400000003
2025-08-04 02:00:00,16669.303,3350.0693,10892.171,30911.543299999998
2025-08-04 03:00:00,16555.102,3192.72,10813.84,30561.662
2025-08-04 04:00:00,16538.08,3201.4644,11133.861,30873.405400000003
2025-08-04 05:00:00,16618.262,3362.8066,11711.362,31692.4306
2025-08-04 06:00:00,17036.553,3418.6885,11929.259,32384.500500000002
2025-08-04 07:00:00,18097.424,3469.5105,12685.254,34252.188500000004
2025-08-04 08:00:00,18669.365,3651.0774,14090.994,36411.4364
2025-08-04 09:00:00,19566.64,3859.655,14839.133,38265.428
2025-08-04 10:00:00,20373.406,3971.1238,15105.33,39449.8598
2025-08-04 11:00:00,21108.443,4132.9634,15165.11,40406.5164
2025-08-04 12:00:00,21123.691,4086.819,15095.843,40306.353
2025-08-04 13:00:00,21407.805,4402.6787,16442.31,42252.7937
2025-08-04 14:00:00,21939.773,4537.993,17413.473,43891.239
2025-08-04 15:00:00,22181.033,4480.39,17947.064,44608.486999999994
2025-08-04 16:00:00,21913.13,4393.8667,17649.766,43956.7627
2025-08-04 17:00:00,21475.102,4215.3335,17040.299,42730.7345
2025-08-04 18:00:00,21381.492,4012.6448,16260.713,41654.849799999996
2025-08-04 19:00:00,21483.783,4008.7114,16326.862,41819.3564
2025-08-04 20:00:00,21233.215,4103.162,16205.7295,41542.1065
2025-08-04 21:00:00,21011.117,4242.9966,16238.407,41492.520599999996
2025-08-04 22:00:00,20964.482,4260.688,15581.551,40806.721
2025-08-04 23:00:00,20775.193,4093.679,14419.168,39288.04
2025-08-05 00:00:00,19567.027,3900.1912,13418.425,36885.6432
2025-08-05 01:00:00,18178.176,3602.8298,12708.405,34489.4108
2025-08-05 02:00:00,17803.902,3475.3052,12248.168,33527.375199999995
2025-08-05 03:00:00,17319.54,3318.1624,12105.284,32742.9864
2025-08-05 04:00:00,17425.625,3352.0422,12327.614,33105.2812
2025-08-05 05:00:00,17494.545,3493.893,12805.558,33793.996
2025-08-05 06:00:00,17756.816,3523.0542,13022.362,34302.2322
2025-08-05 07:00:00,19044.898,3626.71,13621.064,36292.672
2025-08-05 08:00:00,19508.326,3810.3455,14964.19,38282.8615
2025-08-05 09:00:00,20678.725,4043.7878,15929.282,40651.794799999996
2025-08-05 10:00:00,21492.951,4181.531,16135.631,41810.113
2025-08-05 11:00:00,21792.635,4262.9614,15862.443,41918.039399999994
2025-08-05 12:00:00,21953.803,4323.604,15834.148,42111.555
2025-08-05 13:00:00,22007.08,4532.4,16578.285,43117.765
2025-08-05 14:00:00,22656.625,4735.5835,17578.074,44970.2825
2025-08-05 15:00:00,22768.99,4616.8223,18002.844,45388.6563
2025-08-05 16:00:00,22787.248,4646.6626,18212.664,45646.5746
2025-08-05 17:00:00,21926.637,4342.8066,17053.053,43322.4966
2025-08-05 18:00:00,21999.346,4221.79,16452.604,42673.740000000005
2025-08-05 19:00:00,21370.822,4137.639,16005.138,41513.599
2025-08-05 20:00:00,21151.324,4232.711,16157.836,41541.871
2025-08-05 21:00:00,21304.994,4441.184,16092.595,41838.773
2025-08-05 22:00:00,21353.086,4469.8506,15534.652,41357.5886
2025-08-05 23:00:00,20770.336,4237.8335,14527.633,39535.8025
2025-08-06 00:00:00,19363.404,3990.2903,13422.413,36776.1073
2025-08-06 01:00:00,18201.041,3776.2297,12603.18,34580.4507
2025-08-06 02:00:00,17757.516,3599.3171,12240.474,33597.3071
2025-08-06 03:00:00,17758.799,3553.3804,12153.525,33465.7044
2025-08-06 04:00:00,17618.46,3421.5198,12349.378,33389.3578
2025-08-06 05:00:00,17370.584,3556.1287,12626.284,33552.9967
2025-08-06 06:00:00,17821.953,3688.9011,12898.942,34409.7961
2025-08-06 07:00:00,18658.596,3696.5032,13384.072,35739.1712
2025-08-06 08:00:00,19439.361,3858.988,14829.942,38128.291
2025-08-06 09:00:00,20031.68,4054.0667,15508.772,39594.5187
2025-08-06 10:00:00,21206.406,4238.138,15604.788,41049.331999999995
2025-08-06 11:00:00,21732.758,4322.5044,15341.23,41396.4924
2025-08-06 12:00:00,22006.236,4381.3096,15459.695,41847.240600000005
2025-08-06 13:00:00,22090.248,4634.0127,16314.569,43038.8297
2025-08-06 14:00:00,22697.773,4760.935,17537.969,44996.677
2025-08-06 15:00:00,22842.963,4685.327,17859.35,45387.64
2025-08-06 16:00:00,22409.283,4560.875,17637.418,44607.576
2025-08-06 17:00:00,22024.496,4456.0854,16906.531,43387.1124
2025-08-06 18:00:00,21863.299,4341.76,15927.55,42132.609
2025-08-06 19:00:00,21587.02,4275.233,15825.36,41687.613
2025-08-06 20:00:00,20994.059,4320.3354,15843.712,41158.106400000004
2025-08-06 21:00:00,21481.385,4495.7007,15995.628,41972.7137
2025-08-06 22:00:00,21170.139,4483.8145,15327.268,40981.2215
2025-08-06 23:00:00,21142.605,4324.362,14244.742,39711.709
2025-08-07 00:00:00,19574.418,4038.054,13239.64,36852.112
2025-08-07 01:00:00,18348.932,3761.984,12488.701,34599.617
2025-08-07 02:00:00,18139.512,3626.1099,12175.845,33941.4669
2025-08-07 03:00:00,17565.389,3506.3762,12029.192,33100.9572
2025-08-07 04:00:00,17898.445,3510.7961,12099.29,33508.5311
2025-08-07 05:00:00,17624.172,3601.4766,12623.519,33849.1676
2025-08-07 06:00:00,18257.137,3723.6272,12872.375,34853.1392
2025-08-07 07:00:00,18893.219,3717.1821,13215.997,35826.398100000006
2025-08-07 08:00:00,19337.463,3898.1968,14349.992,37585.6518
2025-08-07 09:00:00,20254.643,4157.026,15338.98,39750.649000000005
2025-08-07 10:00:00,20999.094,4286.9146,15562.512,40848.5206
2025-08-07 11:00:00,21851.447,4381.615,15429.464,41662.526
2025-08-07 12:00:00,21795.01,4435.704,15510.079,41740.793
2025-08-07 13:00:00,22114.273,4688.561,16421.84,43224.674
2025-08-07 14:00:00,22702.479,4858.476,17490.494,45051.44899999999
2025-08-07 15:00:00,22929.59,4774.253,17660.03,45363.873
2025-08-07 16:00:00,22517.97,4715.887,17708.918,44942.775
2025-08-07 17:00:00,22081.541,4556.786,16869.855,43508.182
2025-08-07 18:00:00,22016.266,4374.0884,16067.789,42458.1434
2025-08-07 19:00:00,21758.045,4314.5977,15975.076,42047.7187
2025-08-07 20:00:00,21231.373,4347.987,15953.598,41532.958
2025-08-07 21:00:00,21325.893,4501.4883,15974.357,41801.7383
2025-08-07 22:00:00,21365.197,4520.555,15366.195,41251.947
2025-08-07 23:00:00,21402.191,4354.1187,14260.313,40016.6227
2025-08-08 00:00:00,20007.596,4077.7578,13459.019,37544.3728
2025-08-08 01:00:00,18599.936,3833.046,12422.349,34855.331
2025-08-08 02:00:00,18509.205,3685.1707,12100.168,34294.5437
2025-08-08 03:00:00,17911.746,3576.8696,12074.322,33562.9376
2025-08-08 04:00:00,18009.436,3549.2913,12254.057,33812.7843
2025-08-08 05:00:00,17704.953,3643.5913,12384.102,33732.6463
2025-08-08 06:00:00,18324.03,3750.9724,12730.375,34805.3774
2025-08-08 07:00:00,19080.047,3784.9307,13316.237,36181.2147
2025-08-08 08:00:00,19515.135,3936.0046,14438.502,37889.6416
2025-08-08 09:00:00,20464.92,4146.083,15231.736,39842.739
2025-08-08 10:00:00,21507.477,4350.9526,15406.492,41264.9216
2025-08-08 11:00:00,22227.498,4459.418,15101.37,41788.286
2025-08-08 12:00:00,22328.814,4481.511,15418.798,42229.123
2025-08-08 13:00:00,22427.182,4717.8037,16134.9795,43279.9652
2025-08-08 14:00:00,23193.463,4901.0107,17268.066,45362.539699999994
2025-08-08 15:00:00,23398.344,4856.7827,17830.244,46085.3707
2025-08-08 16:00:00,22990.922,4710.212,17787.576,45488.71
2025-08-08 17:00:00,22149.924,4543.0996,16829.531,43522.5546
2025-08-08 18:00:00,22020.195,4416.5186,16072.914,42509.6276
2025-08-08 19:00:00,21885.436,4306.2925,16206.488,42398.2165
2025-08-08 20:00:00,21617.154,4387.827,16033.75,42038.731
2025-08-08 21:00:00,21605.545,4589.056,16235.449,42430.05
2025-08-08 22:00:00,21798.326,4612.796,15641.763,42052.885
2025-08-08 23:00:00,21571.312,4397.075,14637.213,40605.600000000006
2025-08-09 00:00:00,20033.773,4106.173,13600.75,37740.695999999996
2025-08-09 01:00:00,18868.713,3892.534,12723.613,35484.86
2025-08-09 02:00:00,18932.912,3795.332,12438.096,35166.34
2025-08-09 03:00:00,18499.855,3665.8772,12243.875,34409.6072
2025-08-09 04:00:00,18284.074,3660.2217,12402.934,34347.2297
2025-08-09 05:00:00,18078.32,3772.4575,12557.707,34408.4845
2025-08-09 06:00:00,18479.102,3813.0344,12647.34,34939.4764
2025-08-09 07:00:00,19340.988,3888.5366,13105.792,36335.3166
2025-08-09 08:00:00,19820.678,4021.366,14295.015,38137.059
2025-08-09 09:00:00,20430.936,4185.193,14948.93,39565.059
2025-08-09 10:00:00,21107.469,4304.128,14934.328,40345.925
2025-08-09 11:00:00,21928.545,4365.8223,14777.506,41071.8733
2025-08-09 12:00:00,21883.02,4395.523,14795.421,41073.964
2025-08-09 13:00:00,22032.527,4578.003,15717.488,42328.018
2025-08-09 14:00:00,22476.531,4770.315,16623.533,43870.379
2025-08-09 15:00:00,22339.658,4612.648,16964.953,43917.259000000005
2025-08-09 16:00:00,22056.562,4537.4688,16538.732,43132.7628
2025-08-09 17:00:00,21419.695,4398.9854,15646.799,41465.4794
2025-08-09 18:00:00,21094.951,4222.5693,14759.5,40077.020300000004
2025-08-09 19:00:00,21147.809,4224.4077,14947.749,40319.9657
2025-08-09 20:00:00,20776.242,4280.2075,14885.414,39941.8635
2025-08-09 21:00:00,20738.854,4443.058,14995.664,40177.576
2025-08-09 22:00:00,20857.11,4476.43,14644.23,39977.770000000004
2025-08-09 23:00:00,20710.209,4315.903,13777.124,38803.236000000004
2025-08-10 00:00:00,19419.246,4074.943,12902.715,36396.903999999995
2025-08-10 01:00:00,18453.791,3865.7773,12008.762,34328.3303
2025-08-10 02:00:00,18004.684,3629.961,11630.407,33265.051999999996
2025-08-10 03:00:00,17569.924,3560.4756,11453.945,32584.3446
2025-08-10 04:00:00,17365.271,3497.4346,11515.182,32377.887600000002
2025-08-10 05:00:00,17189.62,3582.2393,11639.304,32411.1633
2025-08-10 06:00:00,17206.484,3619.2527,11173.924,31999.6607
2025-08-10 07:00:00,17561.938,3614.189,11151.131,32327.257999999994
2025-08-10 08:00:00,17774.715,3666.2585,11623.751,33064.7245
2025-08-10 09:00:00,17951.04,3771.9607,11562.5625,33285.563200000004
2025-08-10 10:00:00,18731.889,3913.2183,11549.62,34194.7273
2025-08-10 11:00:00,19299.26,3975.9766,11429.279,34704.5156
2025-08-10 12:00:00,19318.998,3940.1306,11349.25,34608.3786
2025-08-10 13:00:00,19430.146,4131.405,12263.517,35825.068
2025-08-10 14:00:00,20151.564,4300.5225,13405.448,37857.534499999994
2025-08-10 15:00:00,20328.473,4211.412,13673.863,38213.748
2025-08-10 16:00:00,19974.723,4182.293,13804.38,37961.396
2025-08-10 17:00:00,19687.945,4069.1526,13432.462,37189.5596
2025-08-10 18:00:00,19884.84,3993.1628,13168.521,37046.5238
2025-08-10 19:00:00,19835.42,3956.7422,13425.524,37217.6862
2025-08-10 20:00:00,19514.408,4031.5913,13596.406,37142.4053
2025-08-10 21:00:00,19495.344,4141.627,13658.818,37295.789000000004
2025-08-10 22:00:00,19809.416,4151.5996,13111.217,37072.2326
2025-08-10 23:00:00,19620.885,3988.5364,11990.021,35599.4424
2025-08-11 00:00:00,18427.566,3756.8738,11168.136,33352.5758
2025-08-11 01:00:00,17378.873,3518.8516,10398.781,31296.505600000004
2025-08-11 02:00:00,16991.365,3336.3755,9941.353,30269.0935
2025-08-11 03:00:00,16787.246,3256.9783,10156.957,30201.181299999997
2025-08-11 04:00:00,16898.928,3283.513,10303.239,30485.68
2025-08-11 05:00:00,16972.572,3424.3083,10720.717,31117.5973
2025-08-11 06:00:00,17553.543,3562.942,11345.321,32461.806
2025-08-11 07:00:00,18488.02,3559.1038,12235.478,34282.601800000004
2025-08-11 08:00:00,18817.88,3698.424,13390.399,35906.703
2025-08-11 09:00:00,19931.99,3934.184,14408.944,38275.118
2025-08-11 10:00:00,20899.8,4091.5876,14792.607,39783.9946
2025-08-11 11:00:00,21568.727,4147.334,14780.26,40496.320999999996
2025-08-11 12:00:00,21916.365,4207.118,14771.745,40895.228
2025-08-11 13:00:00,21960.375,4424.326,15756.641,42141.342000000004
2025-08-11 14:00:00,22677.326,4581.5815,16995.246,44254.1535
2025-08-11 15:00:00,23102.307,4540.1304,17395.22,45037.657400000004
2025-08-11 16:00:00,22928.91,4508.563,17381.875,44819.348
2025-08-11 17:00:00,22352.828,4295.675,16390.8,43039.303
2025-08-11 18:00:00,22188.045,4112.6343,15803.825,42104.5043
2025-08-11 19:00:00,21855.07,4069.2478,15701.864,41626.1818
2025-08-11 20:00:00,21411.012,4042.291,15488.613,40941.916
2025-08-11 21:00:00,21618.402,4325.2124,15601.707,41545.3214
2025-08-11 22:00:00,21640.898,4328.5317,14951.883,40921.3127
2025-08-11 23:00:00,21149.734,4134.674,13899.766,39184.174
2025-08-12 00:00:00,19961.465,3962.529,12876.202,36800.195999999996
2025-08-12 01:00:00,18761.268,3749.5405,11856.8545,34367.663
2025-08-12 02:00:00,18401.025,3565.6482,11447.611,33414.2842
2025-08-12 03:00:00,17752.3,3455.798,11376.975,32585.072999999997
2025-08-12 04:00:00,18097.057,3531.9956,11777.5625,33406.6151
2025-08-12 05:00:00,18144.484,3634.6487,12347.1455,34126.2782
2025-08-12 06:00:00,18685.25,3723.413,12627.25,35035.913
2025-08-12 07:00:00,19493.027,3769.594,13213.239,36475.86
2025-08-12 08:00:00,20168.752,3933.7441,14435.649,38538.1451
2025-08-12 09:00:00,21033.67,4156.1636,15463.738,40653.571599999996
2025-08-12 10:00:00,21766.795,4296.505,15362.918,41426.218
2025-08-12 11:00:00,22236.363,4387.7583,15167.073,41791.1943
2025-08-12 12:00:00,22434.266,4387.1255,15121.412,41942.803499999995
2025-08-12 13:00:00,22923.936,4663.729,16205.886,43793.551
2025-08-12 14:00:00,23496.037,4877.7554,17441.3,45815.092399999994
2025-08-12 15:00:00,23864.723,4796.5825,17680.543,46341.84850000001
2025-08-12 16:00:00,23456.693,4683.0156,17767.78,45907.4886
2025-08-12 17:00:00,22954.623,4529.275,16888.371,44372.269
2025-08-12 18:00:00,22815.746,4387.4727,16197.805,43401.0237
2025-08-12 19:00:00,22485.516,4333.6514,15933.515,42752.6824
2025-08-12 20:00:00,21772.504,4354.985,15634.931,41762.42
2025-08-12 21:00:00,22110.701,4558.285,15723.896,42392.882
2025-08-12 22:00:00,22003.564,4535.0117,15143.937,41682.5127
2025-08-12 23:00:00,21698.393,4322.891,14078.924,40100.208
2025-08-13 00:00:00,20597.693,4144.4634,13012.11,37754.2664
2025-08-13 01:00:00,19297.14,3886.0007,12278.704,35461.8447
2025-08-13 02:00:00,18901.275,3726.999,11927.645,34555.919
2025-08-13 03:00:00,18417.92,3610.189,11725.001,33753.11
2025-08-13 04:00:00,18595.479,3581.0923,11903.817,34080.3883
2025-08-13 05:00:00,18604.83,3766.7502,12500.622,34872.2022
2025-08-13 06:00:00,18868.87,3823.4343,12729.977,35422.2813
2025-08-13 07:00:00,19964.328,3935.136,13321.074,37220.538
2025-08-13 08:00:00,20402.44,4105.51,14534.095,39042.045
2025-08-13 09:00:00,20888.848,4246.982,15006.761,40142.591
2025-08-13 10:00:00,21691.99,4424.423,15130.347,41246.76
2025-08-13 11:00:00,22499.65,4525.7915,14972.728,41998.1695
2025-08-13 12:00:00,22875.695,4569.0415,14964.38,42409.1165
2025-08-13 13:00:00,22835.225,4751.5337,15963.199,43549.9577
2025-08-13 14:00:00,23387.57,4936.9727,17208.215,45532.7577
2025-08-13 15:00:00,23725.068,4849.7217,17502.596,46077.3857
2025-08-13 16:00:00,23445.773,4771.45,17746.457,45963.68
2025-08-13 17:00:00,23236.945,4658.6357,16784.354,44679.9347
2025-08-13 18:00:00,23287.86,4450.3706,16244.009,43982.2396
2025-08-13 19:00:00,22853.605,4428.0166,16094.566,43376.1876
2025-08-13 20:00:00,22454.867,4442.6323,16031.497,42928.9963
2025-08-13 21:00:00,22269.285,4587.8633,15956.005,42813.1533
2025-08-13 22:00:00,22044.494,4568.25,15157.18,41769.924
2025-08-13 23:00:00,21742.225,4331.3813,14200.371,40273.9773
2025-08-14 00:00:00,20707.924,4133.4907,13269.904,38111.3187
2025-08-14 01:00:00,19285.537,3860.6394,12371.702,35517.8784
2025-08-14 02:00:00,19218.951,3765.2712,11930.05,34914.2722
2025-08-14 03:00:00,18623.59,3628.829,11956.256,34208.675
2025-08-14 04:00:00,18708.469,3628.8284,12215.655,34552.9524
2025-08-14 05:00:00,18901.832,3803.1348,12644.358,35349.3248
2025-08-14 06:00:00,19140.9,3855.68,12969.383,35965.963
2025-08-14 07:00:00,20026.967,3916.757,13542.244,37485.968
2025-08-14 08:00:00,20416.416,4109.8965,14600.229,39126.5415
2025-08-14 09:00:00,21205.156,4298.422,15502.914,41006.492
2025-08-14 10:00:00,21998.467,4462.9907,15813.787,42275.244699999996
2025-08-14 11:00:00,22739.186,4570.6367,15560.8955,42870.7182
2025-08-14 12:00:00,22768.137,4603.6763,15468.876,42840.6893
2025-08-14 13:00:00,23122.115,4861.506,16653.115,44636.736000000004
2025-08-14 14:00:00,23508.648,4939.729,17563.96,46012.337
2025-08-14 15:00:00,23762.973,4894.9727,17826.393,46484.33870000001
2025-08-14 16:00:00,23532.123,4797.9688,18014.531,46344.6228
2025-08-14 17:00:00,23078.676,4676.103,17199.531,44954.31
2025-08-14 18:00:00,23224.074,4547.534,16639.424,44411.032
2025-08-14 19:00:00,22855.408,4443.9946,16204.114,43503.5166
2025-08-14 20:00:00,21865.584,4403.0713,15997.34,42265.995299999995
2025-08-14 21:00:00,21933.914,4597.639,16207.043,42738.596
2025-08-14 22:00:00,21691.354,4583.1274,15429.322,41703.803400000004
2025-08-14 23:00:00,21583.652,4367.5586,14426.648,40377.8586
2025-08-15 00:00:00,20289.523,4122.5225,13353.844,37765.8895
2025-08-15 01:00:00,19127.002,3930.1807,12930.3545,35987.5372
2025-08-15 02:00:00,19053.666,3768.4104,12511.456,35333.532400000004
2025-08-15 03:00:00,18635.504,3654.8442,12346.431,34636.779200000004
2025-08-15 04:00:00,18750.883,3633.9224,12538.465,34923.2704
2025-08-15 05:00:00,18911.248,3768.5952,13166.895,35846.7382
2025-08-15 06:00:00,19249.387,3880.4255,13290.361,36420.173500000004
2025-08-15 07:00:00,19866.668,3902.7046,13967.372,37736.744600000005
2025-08-15 08:00:00,20492.125,4041.3108,15156.631,39690.0668
2025-08-15 09:00:00,21345.168,4329.3374,16100.592,41775.0974
2025-08-15 10:00:00,21911.479,4444.892,15990.25,42346.621
2025-08-15 11:00:00,22736.564,4536.2646,15845.014,43117.8426
2025-08-15 12:00:00,22701.59,4589.669,15804.451,43095.71
2025-08-15 13:00:00,22892.488,4780.9097,16966.812,44640.20970000001
2025-08-15 14:00:00,23570.857,5018.3164,17943.809,46532.9824
2025-08-15 15:00:00,23683.99,4902.4688,18262.951,46849.4098
2025-08-15 16:00:00,23678.373,4839.0156,18390.2,46907.5886
2025-08-15 17:00:00,22910.615,4589.989,17651.488,45152.092000000004
2025-08-15 18:00:00,22747.09,4396.5786,16776.885,43920.5536
2025-08-15 19:00:00,22645.15,4399.0586,16910.268,43954.4766
2025-08-15 20:00:00,21952.016,4438.548,16740.773,43131.337
2025-08-15 21:00:00,21997.309,4623.2837,16961.227,43581.8197
2025-08-15 22:00:00,21766.92,4672.7485,16254.851,42694.5195
2025-08-15 23:00:00,21448.69,4406.1753,15209.919,41064.7843
2025-08-16 00:00:00,20145.701,4204.065,14192.694,38542.46
2025-08-16 01:00:00,19249.324,3981.8228,13195.596,36426.7428
2025-08-16 02:00:00,18948.951,3894.8103,13059.027,35902.7883
2025-08-16 03:00:00,18694.4,3761.5828,12788.443,35244.4258
2025-08-16 04:00:00,18670.686,3726.9932,13024.679,35422.3582
2025-08-16 05:00:00,18613.342,3879.11,13407.606,35900.058000000005
2025-08-16 06:00:00,19003.182,3909.718,13608.173,36521.073000000004
2025-08-16 07:00:00,19784.758,3924.5654,14126.837,37836.1604
2025-08-16 08:00:00,20273.408,4050.499,15394.583,39718.49
2025-08-16 09:00:00,21131.188,4346.1855,15949.622,41426.9955
2025-08-16 10:00:00,21726.182,4408.9233,15814.435,41949.5403
2025-08-16 11:00:00,22223.146,4496.608,15705.93,42425.684
2025-08-16 12:00:00,22406.994,4571.9565,15683.833,42662.7835
2025-08-16 13:00:00,22319.629,4709.4536,16386.084,43415.1666
2025-08-16 14:00:00,22850.771,4912.5483,17548.469,45311.7883
2025-08-16 15:00:00,23091.31,4733.7393,17874.49,45699.539300000004
2025-08-16 16:00:00,22793.277,4710.0186,17841.482,45344.7776
2025-08-16 17:00:00,22363.588,4532.444,16872.252,43768.284
2025-08-16 18:00:00,22054.021,4370.5,15885.7295,42310.2505
2025-08-16 19:00:00,21796.39,4346.385,15746.456,41889.231
2025-08-16 20:00:00,21184.207,4335.874,15812.191,41332.272
2025-08-16 21:00:00,21194.441,4534.7407,16241.92,41971.1017
2025-08-16 22:00:00,21129.77,4580.3716,15516.65,41226.791600000004
2025-08-16 23:00:00,20935.764,4351.159,14720.197,40007.119999999995
2025-08-17 00:00:00,19857.383,4123.3506,13760.262,37740.9956
2025-08-17 01:00:00,18639.027,3919.751,12992.95,35551.728
2025-08-17 02:00:00,18542.639,3793.8323,12607.774,34944.245299999995
2025-08-17 03:00:00,17886.729,3632.9734,12387.395,33907.0974
2025-08-17 04:00:00,17982.113,3549.3184,12460.666,33992.0974
2025-08-17 05:00:00,17875.86,3717.637,12717.047,34310.544
2025-08-17 06:00:00,17720.164,3684.3086,12298.104,33702.5766
2025-08-17 07:00:00,18243.969,3645.9014,12220.242,34110.1124
2025-08-17 08:00:00,18449.227,3765.6472,12694.954,34909.828199999996
2025-08-17 09:00:00,18702.71,3860.7183,12699.336,35262.764299999995
2025-08-17 10:00:00,19413.35,4004.932,12525.309,35943.591
2025-08-17 11:00:00,19931.951,4063.5842,12344.288,36339.8232
2025-08-17 12:00:00,20132.205,4094.8906,12382.097,36609.1926
2025-08-17 13:00:00,20254.91,4310.984,13380.904,37946.798
2025-08-17 14:00:00,20750.24,4451.744,14421.974,39623.958
2025-08-17 15:00:00,20887.41,4378.3955,14456.978,39722.7835
2025-08-17 16:00:00,20855.426,4296.3936,14562.429,39714.2486
2025-08-17 17:00:00,20775.697,4208.9214,14302.694,39287.312399999995
2025-08-17 18:00:00,20732.072,4129.5293,13940.59,38802.191300000006
2025-08-17 19:00:00,20445.861,4089.3582,14504.064,39039.2832
2025-08-17 20:00:00,20248.459,4147.3267,14561.728,38957.513699999996
2025-08-17 21:00:00,20104.742,4269.437,14467.002,38841.181
2025-08-17 22:00:00,20292.102,4309.4883,13848.371,38449.961299999995
2025-08-17 23:00:00,20184.197,4144.528,12996.705,37325.43
2025-08-18 00:00:00,19170.414,3973.4045,12121.27,35265.0885
2025-08-18 01:00:00,17899.354,3703.8445,11375.7,32978.898499999996
2025-08-18 02:00:00,17295.525,3500.824,10854.891,31651.24
2025-08-18 03:00:00,17285.791,3404.0935,11139.749,31829.6335
2025-08-18 04:00:00,17434.406,3387.4941,11106.905,31928.805099999998
2025-08-18 05:00:00,17219.725,3461.4004,11789.908,32471.033399999997
2025-08-18 06:00:00,17992.146,3625.187,12287.58,33904.913
2025-08-18 07:00:00,18906.137,3663.6096,12923.127,35492.8736
2025-08-18 08:00:00,19342.14,3825.0571,14210.46,37377.6571
2025-08-18 09:00:00,20445.13,4041.7896,15396.007,39882.9266
2025-08-18 10:00:00,21566.559,4172.5967,15516.845,41256.000700000004
2025-08-18 11:00:00,22136.504,4262.711,15562.912,41962.127
2025-08-18 12:00:00,22298.207,4278.956,15619.259,42196.422
2025-08-18 13:00:00,22451.36,4534.0947,16706.105,43691.5597
2025-08-18 14:00:00,22935.81,4681.8164,17655.883,45273.5094
2025-08-18 15:00:00,23268.691,4627.4844,18070.297,45966.4724
2025-08-18 16:00:00,23111.209,4546.4897,18048.018,45705.716700000004
2025-08-18 17:00:00,22601.105,4387.619,17380.49,44369.214
2025-08-18 18:00:00,22710.855,4255.542,16637.469,43603.866
2025-08-18 19:00:00,22507.568,4236.84,16643.605,43388.013
2025-08-18 20:00:00,22160.588,4300.376,16538.098,42999.062000000005
2025-08-18 21:00:00,22068.494,4466.434,16605.781,43140.709
2025-08-18 22:00:00,21989.402,4477.45,15791.477,42258.329
2025-08-18 23:00:00,21583.01,4313.1323,14695.195,40591.3373
2025-08-19 00:00:00,20401.941,4070.8452,13672.1,38144.8862
2025-08-19 01:00:00,18926.389,3807.5393,12693.303,35427.2313
2025-08-19 02:00:00,18798.447,3663.2283,12298.847,34760.5223
2025-08-19 03:00:00,18357.434,3556.0286,12280.427,34193.8896
2025-08-19 04:00:00,18466.479,3556.7542,12308.0625,34331.2957
2025-08-19 05:00:00,18483.602,3659.2822,12877.667,35020.5512
2025-08-19 06:00:00,18961.58,3732.85,12940.8955,35635.3255
2025-08-19 07:00:00,20050.129,3809.79,13764.573,37624.492
2025-08-19 08:00:00,20380.752,3924.4207,14975.707,39280.8797
2025-08-19 09:00:00,21247.367,4078.749,15555.251,40881.367
2025-08-19 10:00:00,22046.756,4290.525,15636.467,41973.74800000001
2025-08-19 11:00:00,22538.107,4342.0757,15456.808,42336.9907
2025-08-19 12:00:00,22612.541,4365.1704,15343.199,42320.9104
2025-08-19 13:00:00,22897.705,4645.1484,16407.299,43950.1524
2025-08-19 14:00:00,23671.996,4860.206,17629.998,46162.2
2025-08-19 15:00:00,23544.328,4753.705,18049.451,46347.484000000004
2025-08-19 16:00:00,23342.945,4702.7324,18018.67,46064.3474
2025-08-19 17:00:00,23009.477,4533.2354,17167.828,44710.5404
2025-08-19 18:00:00,22957.535,4394.6387,16374.245,43726.4187
2025-08-19 19:00:00,22586.469,4359.3696,16331.462,43277.3006
2025-08-19 20:00:00,22430.855,4435.87,16290.158,43156.883
2025-08-19 21:00:00,22168.764,4559.8027,16412.873,43141.4397
2025-08-19 22:00:00,22154.338,4532.5913,15529.478,42216.4073
2025-08-19 23:00:00,21606.621,4347.3022,14315.182,40269.1052
2025-08-20 00:00:00,20334.275,4107.233,13434.767,37876.275
2025-08-20 01:00:00,19051.008,3850.994,12458.335,35360.337
2025-08-20 02:00:00,18855.666,3727.2268,12221.177,34804.0698
2025-08-20 03:00:00,18445.107,3597.3652,12038.149,34080.6212
2025-08-20 04:00:00,18628.656,3591.9097,12272.871,34493.4367
2025-08-20 05:00:00,18295.338,3709.8286,12686.549,34691.7156
2025-08-20 06:00:00,19011.295,3812.177,13010.694,35834.166
2025-08-20 07:00:00,19731.33,3874.0862,13246.941,36852.357200000006
2025-08-20 08:00:00,20021.404,4000.2688,14436.451,38458.1238
2025-08-20 09:00:00,21039.107,4212.528,15203.23,40454.865000000005
2025-08-20 10:00:00,21558.404,4291.077,15219.807,41069.288
2025-08-20 11:00:00,22408.172,4432.054,15034.129,41874.354999999996
2025-08-20 12:00:00,22663.111,4509.4517,15182.494,42355.0567
2025-08-20 13:00:00,22793.389,4674.849,16248.088,43716.326
2025-08-20 14:00:00,23357.965,4832.009,17265.709,45455.683000000005
2025-08-20 15:00:00,23401.16,4721.479,17423.105,45545.744
2025-08-20 16:00:00,23214.922,4689.7544,17464.662,45369.33839999999
2025-08-20 17:00:00,22423.777,4494.088,16708.236,43626.100999999995
2025-08-20 18:00:00,22710.117,4408.672,15885.842,43004.630999999994
2025-08-20 19:00:00,22072.004,4360.5977,15664.318,42096.9197
2025-08-20 20:00:00,21771.854,4374.8345,15936.837,42083.5255
2025-08-20 21:00:00,21576.85,4560.148,16018.707,42155.705
2025-08-20 22:00:00,21447.219,4537.764,15283.245,41268.228
2025-08-20 23:00:00,21161.42,4299.4,13986.361,39447.181
2025-08-21 00:00:00,20154.648,4129.8423,13242.412,37526.9023
2025-08-21 01:00:00,18836.484,3867.3706,12335.653,35039.5076
2025-08-21 02:00:00,18301.055,3647.6746,11779.487,33728.2166
2025-08-21 03:00:00,18002.066,3551.0374,11681.37,33234.4734
2025-08-21 04:00:00,17859.848,3516.5598,11857.915,33234.3228
2025-08-21 05:00:00,18059.336,3670.0566,12319.203,34048.5956
2025-08-21 06:00:00,18444.904,3760.2546,12494.784,34699.942599999995
2025-08-21 07:00:00,19555.674,3851.1616,13157.873,36564.7086
2025-08-21 08:00:00,19610.168,4006.8704,14145.13,37762.1684
2025-08-21 09:00:00,20598.402,4255.557,14939.903,39793.862
2025-08-21 10:00:00,21303.66,4332.001,15011.214,40646.875
2025-08-21 11:00:00,21901.156,4462.0137,14892.657,41255.8267
2025-08-21 12:00:00,22025.918,4499.002,15146.814,41671.734000000004
2025-08-21 13:00:00,22352.77,4739.461,15930.441,43022.672
2025-08-21 14:00:00,22730.05,4845.4526,16963.906,44539.408599999995
2025-08-21 15:00:00,22787.195,4779.4746,17230.44,44797.109599999996
2025-08-21 16:00:00,22799.418,4724.7056,17453.35,44977.4736
2025-08-21 17:00:00,22204.9,4518.1396,16547.316,43270.3556
2025-08-21 18:00:00,22086.268,4428.439,15740.831,42255.538
2025-08-21 19:00:00,22016.371,4334.2935,15487.227,41837.8915
2025-08-21 20:00:00,21334.525,4354.4673,15644.259,41333.2513
2025-08-21 21:00:00,21399.25,4553.7104,15646.323,41599.2834
2025-08-21 22:00:00,21245.97,4533.999,14722.497,40502.466
2025-08-21 23:00:00,20770.264,4325.0615,13655.085,38750.4105
2025-08-22 00:00:00,19440.176,4071.0928,12828.149,36339.417799999996
2025-08-22 01:00:00,18178.922,3845.9902,12108.896,34133.8082
2025-08-22 02:00:00,17888.047,3655.395,11704.748,33248.19
2025-08-22 03:00:00,17741.79,3582.3723,11590.457,32914.6193
2025-08-22 04:00:00,17608.799,3542.5835,11865.463,33016.845499999996
2025-08-22 05:00:00,17610.633,3657.1174,12155.394,33423.144400000005
2025-08-22 06:00:00,18092.025,3798.8164,12460.7705,34351.6119
2025-08-22 07:00:00,18773.418,3778.6191,13004.254,35556.2911
2025-08-22 08:00:00,19374.775,4003.0715,14143.689,37521.5355
2025-08-22 09:00:00,20203.822,4232.4185,14978.349,39414.5895
2025-08-22 10:00:00,20901.734,4397.8115,15110.842,40410.3875
2025-08-22 11:00:00,21704.79,4512.3564,14882.182,41099.3284
2025-08-22 12:00:00,21878.75,4553.215,14826.111,41258.076
2025-08-22 13:00:00,21868.121,4726.701,15953.852,42548.674
2025-08-22 14:00:00,22541.963,4921.147,17121.479,44584.589
2025-08-22 15:00:00,22668.734,4818.734,17455.307,44942.775
2025-08-22 16:00:00,22669.584,4717.403,17670.688,45057.675
2025-08-22 17:00:00,22009.227,4477.421,16700.379,43187.027
2025-08-22 18:00:00,22183.889,4379.5044,16363.702,42927.0954
2025-08-22 19:00:00,21743.764,4295.1436,16066.031,42104.9386
2025-08-22 20:00:00,21312.354,4346.324,16038.884,41697.562
2025-08-22 21:00:00,21212.984,4508.954,16132.545,41854.483
2025-08-22 22:00:00,20943.686,4541.373,15349.708,40834.767
2025-08-22 23:00:00,20674.91,4351.357,14339.8125,39366.0795
2025-08-23 00:00:00,19556.588,4073.7507,13501.791,37132.1297
2025-08-23 01:00:00,18295.762,3847.857,12465.064,34608.683
2025-08-23 02:00:00,18256.021,3719.7197,12462.06,34437.8007
2025-08-23 03:00:00,17839.3,3643.352,12100.812,33583.464
2025-08-23 04:00:00,17989.604,3634.1714,12372.454,33996.2294
2025-08-23 05:00:00,18002.812,3739.2017,12836.122,34578.1357
2025-08-23 06:00:00,18394.564,3839.8726,12984.812,35219.2486
2025-08-23 07:00:00,19277.486,3865.5178,13344.187,36487.190800000004
2025-08-23 08:00:00,19655.832,4020.251,14473.361,38149.444
2025-08-23 09:00:00,20363.809,4252.374,15200.887,39817.07
2025-08-23 10:00:00,20976.895,4354.6445,14930.953,40262.4925
2025-08-23 11:00:00,21604.86,4380.1255,14803.722,40788.707500000004
2025-08-23 12:00:00,22008.697,4510.027,14997.948,41516.672000000006
2025-08-23 13:00:00,22019.244,4640.773,15846.236,42506.253
2025-08-23 14:00:00,22552.744,4851.143,17017.223,44421.11
2025-08-23 15:00:00,22810.453,4749.5366,17137.57,44697.5596
2025-08-23 16:00:00,22378.918,4633.0767,16981.129,43993.123700000004
2025-08-23 17:00:00,21862.477,4426.095,16235.978,42524.55
2025-08-23 18:00:00,21938.887,4325.397,15438.363,41702.647
2025-08-23 19:00:00,21608.336,4241.399,15211.877,41061.612
2025-08-23 20:00:00,20932.016,4303.8794,15074.538,40310.4334
2025-08-23 21:00:00,20906.229,4462.4556,15149.444,40518.1286
2025-08-23 22:00:00,21137.424,4531.0747,14886.757,40555.2557
2025-08-23 23:00:00,20836.21,4323.901,13787.04,38947.151
2025-08-24 00:00:00,19505.314,4103.488,12906.506,36515.308
2025-08-24 01:00:00,18453.463,3925.0544,12294.407,34672.9244
2025-08-24 02:00:00,18372.555,3769.9717,11872.629,34015.1557
2025-08-24 03:00:00,17854.145,3675.346,12055.148,33584.639
2025-08-24 04:00:00,17765.506,3625.8152,12033.488,33424.8092
2025-08-24 05:00:00,17447.791,3702.9424,12189.016,33339.7494
2025-08-24 06:00:00,17749.262,3753.1267,11997.71,33500.0987
2025-08-24 07:00:00,18310.879,3684.0774,11707.233,33702.1894
2025-08-24 08:00:00,18425.045,3761.3323,12137.29,34323.6673
2025-08-24 09:00:00,18737.277,3899.4688,12149.53,34786.275799999996
2025-08-24 10:00:00,19439.451,4039.6294,11970.393,35449.4734
2025-08-24 11:00:00,20048.074,4060.5823,11911.198,36019.854300000006
2025-08-24 12:00:00,20007.355,4082.3887,11796.598,35886.3417
2025-08-24 13:00:00,20056.596,4302.198,12882.428,37241.222
2025-08-24 14:00:00,20694.312,4426.6167,13796.402,38917.3307
2025-08-24 15:00:00,20710.39,4325.9624,13993.058,39029.4104
2025-08-24 16:00:00,20651.305,4284.7993,14119.025,39055.1293
2025-08-24 17:00:00,20574.963,4228.299,13919.562,38722.824
2025-08-24 18:00:00,21007.727,4135.1934,13748.183,38891.1034
2025-08-24 19:00:00,20619.943,4083.2402,13922.5205,38625.7037
2025-08-24 20:00:00,20350.031,4106.0264,14087.324,38543.3814
2025-08-24 21:00:00,20462.594,4323.098,14146.792,38932.484000000004
2025-08-24 22:00:00,20425.143,4332.1934,13477.332,38234.6684
2025-08-24 23:00:00,20177.99,4113.0674,12333.308,36624.3654
2025-08-25 00:00:00,18828.014,3903.072,11470.766,34201.852
2025-08-25 01:00:00,17894.8,3681.962,10902.265,32479.027
2025-08-25 02:00:00,17333.883,3471.3726,10366.07,31171.3256
2025-08-25 03:00:00,17073.04,3375.5725,10587.862,31036.474500000004
2025-08-25 04:00:00,17027.477,3353.2249,10550.71,30931.4119
2025-08-25 05:00:00,16992.621,3457.7356,11360.991,31811.3476
2025-08-25 06:00:00,17898.342,3606.4177,11519.502,33024.2617
2025-08-25 07:00:00,18650.78,3629.81,12531.299,34811.889
2025-08-25 08:00:00,19408.28,3823.2283,13746.908,36978.4163
2025-08-25 09:00:00,20148.46,3991.7954,14721.992,38862.2474
2025-08-25 10:00:00,20948.285,4133.772,14781.358,39863.415
2025-08-25 11:00:00,21737.06,4215.907,14766.206,40719.173
2025-08-25 12:00:00,22111.697,4271.4536,15130.342,41513.4926
2025-08-25 13:00:00,21944.371,4427.4346,15755.02,42126.8256
2025-08-25 14:00:00,22632.87,4595.2954,17131.379,44359.5444
2025-08-25 15:00:00,22910.592,4557.8877,17480.877,44949.356700000004
2025-08-25 16:00:00,22831.916,4444.587,17467.379,44743.882
2025-08-25 17:00:00,22603.555,4298.9126,16692.572,43595.039600000004
2025-08-25 18:00:00,22803.512,4180.9507,16255.312,43239.7747
2025-08-25 19:00:00,22763.82,4190.0625,16297.778,43251.6605
2025-08-25 20:00:00,22189.771,4206.9927,16267.902,42664.6657
2025-08-25 21:00:00,22195.672,4433.317,16400.955,43029.944
2025-08-25 22:00:00,21964.215,4430.669,15321.687,41716.570999999996
2025-08-25 23:00:00,21294.342,4165.37,14100.099,39559.811
2025-08-26 00:00:00,19897.795,3907.2358,12849.657,36654.6878
2025-08-26 01:00:00,18708.648,3713.478,12226.709,34648.835
2025-08-26 02:00:00,18550.06,3575.1577,12088.723,34213.9407
2025-08-26 03:00:00,18301.695,3546.83,11949.821,33798.346000000005
2025-08-26 04:00:00,18586.555,3548.219,12586.3955,34721.1695
2025-08-26 05:00:00,18666.809,3700.0798,12806.433,35173.321800000005
2025-08-26 06:00:00,19075.168,3775.7483,13152.06,36002.9763
2025-08-26 07:00:00,20266.238,3855.32,13895.907,38017.465
2025-08-26 08:00:00,20451.805,3974.1133,14886.664,39312.5823
2025-08-26 09:00:00,21337.6,4120.1523,15628.149,41085.9013
2025-08-26 10:00:00,22175.688,4310.5747,15617.649,42103.9117
2025-08-26 11:00:00,22716.111,4368.81,15343.588,42428.509000000005
2025-08-26 12:00:00,22900.605,4457.922,15673.193,43031.72
2025-08-26 13:00:00,23196.895,4714.1206,16414.543,44325.558600000004
2025-08-26 14:00:00,23617.756,4797.9014,17691.598,46107.2554
2025-08-26 15:00:00,24263.404,4850.8633,18242.6,47356.8673
2025-08-26 16:00:00,24071.674,4766.645,18466.434,47304.753
2025-08-26 17:00:00,23432.14,4624.503,17557.736,45614.379
2025-08-26 18:00:00,23264.643,4445.1094,16852.041,44561.7934
2025-08-26 19:00:00,23084.459,4425.69,16498.057,44008.206
2025-08-26 20:00:00,22864.303,4486.124,16597.012,43947.439
2025-08-26 21:00:00,22829.172,4646.971,16584.947,44061.09
2025-08-26 22:00:00,22475.795,4615.1177,15507.847,42598.759699999995
2025-08-26 23:00:00,22041.709,4361.6846,14308.403,40711.7966
2025-08-27 00:00:00,20792.238,4186.882,13513.103,38492.223
2025-08-27 01:00:00,19487.328,3907.585,12643.851,36038.764
2025-08-27 02:00:00,19182.033,3754.9724,12149.681,35086.6864
2025-08-27 03:00:00,18980.123,3657.538,12174.503,34812.164000000004
2025-08-27 04:00:00,19035.139,3642.1458,12410.976,35088.2608
2025-08-27 05:00:00,18992.312,3755.1953,12854.121,35601.6283
2025-08-27 06:00:00,19473.623,3859.3818,12949.961,36282.9658
2025-08-27 07:00:00,20207.254,3868.782,13431.81,37507.846
2025-08-27 08:00:00,20582.258,4036.772,14677.2295,39296.2595
2025-08-27 09:00:00,21507.053,4272.705,15433.411,41213.169
2025-08-27 10:00:00,22159.229,4355.1543,15500.299,42014.6823
2025-08-27 11:00:00,22868.34,4506.175,15274.863,42649.378
2025-08-27 12:00:00,23014.377,4474.162,15255.964,42744.503
2025-08-27 13:00:00,22993.168,4686.7847,16115.138,43795.0907
2025-08-27 14:00:00,23470.088,4886.2046,17216.572,45572.8646
2025-08-27 15:00:00,23550.377,4736.7905,17460.268,45747.4355
2025-08-27 16:00:00,23303.568,4694.5576,17548.71,45546.8356
2025-08-27 17:00:00,23055.88,4583.6567,17132.914,44772.4507
2025-08-27 18:00:00,23488.348,4489.2007,16380.507,44358.055700000004
2025-08-27 19:00:00,22847.984,4402.7124,16178.547,43429.2434
2025-08-27 20:00:00,22574.066,4412.7324,16148.318,43135.1164
2025-08-27 21:00:00,22407.742,4603.013,16235.676,43246.431
2025-08-27 22:00:00,22258.021,4558.9717,15275.681,42092.6737
2025-08-27 23:00:00,21788.898,4320.567,14108.806,40218.271
2025-08-28 00:00:00,20616.496,4064.2283,13133.71,37814.43429999999
2025-08-28 01:00:00,19439.1,3902.4368,12322.781,35664.3178
2025-08-28 02:00:00,19021.41,3683.9646,12037.463,34742.8376
2025-08-28 03:00:00,18619.225,3569.1675,12051.9,34240.292499999996
2025-08-28 04:00:00,18797.518,3565.698,12204.1,34567.316
2025-08-28 05:00:00,18493.246,3636.134,12635.938,34765.318
2025-08-28 06:00:00,18951.275,3785.2964,12834.463,35571.034400000004
2025-08-28 07:00:00,19884.719,3854.2844,13442.039,37181.042400000006
2025-08-28 08:00:00,20041.396,3942.2642,14311.748,38295.408200000005
2025-08-28 09:00:00,20765.027,4118.6035,14990.2705,39873.901
2025-08-28 10:00:00,21570.643,4279.1997,15090.672,40940.5147
2025-08-28 11:00:00,22184.39,4350.4053,14939.151,41473.946299999996
2025-08-28 12:00:00,22187.117,4363.2134,14964.222,41514.5524
2025-08-28 13:00:00,22483.309,4636.522,15984.731,43104.562000000005
2025-08-28 14:00:00,22861.133,4807.6367,16877.545,44546.3147
2025-08-28 15:00:00,23096.049,4722.7153,17412.918,45231.6823
2025-08-28 16:00:00,23130.768,4667.6587,17261.982,45060.4087
2025-08-28 17:00:00,22687.592,4528.151,16644.791,43860.534
2025-08-28 18:00:00,22712.1,4374.823,16096.431,43183.354
2025-08-28 19:00:00,22686.328,4352.4067,15963.81,43002.5447
2025-08-28 20:00:00,22067.238,4399.0947,15963.366,42429.6987
2025-08-28 21:00:00,22016.756,4545.9956,15977.181,42539.9326
2025-08-28 22:00:00,21786.17,4486.802,14976.95,41249.922
2025-08-28 23:00:00,21664.701,4313.4287,14007.218,39985.3477
2025-08-29 00:00:00,20172.574,4002.2283,12890.351,37065.1533
2025-08-29 01:00:00,19117.55,3802.478,12298.668,35218.695999999996
2025-08-29 02:00:00,18654.213,3626.71,12042.436,34323.359
2025-08-29 03:00:00,18451.734,3575.038,12070.226,34096.998
2025-08-29 04:00:00,18423.701,3505.9592,12322.72,34252.3802
2025-08-29 05:00:00,18589.242,3659.7307,12523.933,34772.9057
2025-08-29 06:00:00,18744.137,3685.13,12915.56,35344.827
2025-08-29 07:00:00,19507.512,3724.3398,13618.18,36850.0318
2025-08-29 08:00:00,20081.314,3934.0427,14426.175,38441.53169999999
2025-08-29 09:00:00,20828.95,4142.326,15267.842,40239.118
2025-08-29 10:00:00,21621.162,4245.406,15326.289,41192.857
2025-08-29 11:00:00,22153.04,4357.6304,15144.978,41655.648400000005
2025-08-29 12:00:00,22298.375,4399.8096,15006.893,41705.077600000004
2025-08-29 13:00:00,22433.986,4597.6357,15992.817,43024.4387
2025-08-29 14:00:00,22924.312,4746.6245,17194.742,44865.6785
2025-08-29 15:00:00,23197.102,4667.175,17462.102,45326.379
2025-08-29 16:00:00,23033.955,4679.07,17832.54,45545.565
2025-08-29 17:00:00,22577.496,4472.325,17102.906,44152.727
2025-08-29 18:00:00,22500.604,4321.845,16545.387,43367.835999999996
2025-08-29 19:00:00,22300.377,4343.7563,16431.723,43075.8563
2025-08-29 20:00:00,21901.459,4328.082,16291.3,42520.841
2025-08-29 21:00:00,21673.523,4566.883,16476.635,42717.041
2025-08-29 22:00:00,21749.324,4548.4004,15690.191,41987.9154
2025-08-29 23:00:00,21363.453,4337.7876,14614.379,40315.619600000005
2025-08-30 00:00:00,19934.86,4102.0894,13403.234,37440.1834
2025-08-30 01:00:00,19085.629,3905.6907,12609.929,35601.2487
2025-08-30 02:00:00,18694.365,3689.0146,12263.818,34647.1976
2025-08-30 03:00:00,18111.28,3599.4983,12239.912,33950.6903
2025-08-30 04:00:00,18342.79,3607.692,12622.17,34572.652
2025-08-30 05:00:00,18343.645,3730.2866,12731.56,34805.4916
2025-08-30 06:00:00,18648.648,3796.5928,12814.919,35260.1598
2025-08-30 07:00:00,19260.771,3835.2383,13438.034,36534.043300000005
2025-08-30 08:00:00,19519.709,3946.8098,14205.269,37671.7878
2025-08-30 09:00:00,20033.566,4066.725,14660.121,38760.412
2025-08-30 10:00:00,21029.232,4221.6846,15055.337,40306.2536
2025-08-30 11:00:00,21531.914,4294.1987,14693.851,40519.9637
2025-08-30 12:00:00,21629.72,4299.8154,14801.373,40730.9084
2025-08-30 13:00:00,21772.453,4499.5728,15701.051,41973.0768
2025-08-30 14:00:00,22101.621,4614.3447,16220.253,42936.2187
2025-08-30 15:00:00,22254.666,4571.1904,16687.156,43513.0124
2025-08-30 16:00:00,21855.29,4470.2026,16425.607,42751.0996
2025-08-30 17:00:00,21366.127,4300.793,15746.523,41413.443
2025-08-30 18:00:00,21019.164,4125.216,15059.976,40204.356
2025-08-30 19:00:00,20792.32,4112.104,14810.406,39714.83
2025-08-30 20:00:00,20230.738,4177.4243,14970.764,39378.9263
2025-08-30 21:00:00,20173.512,4320.1753,14973.039,39466.726299999995
2025-08-30 22:00:00,20445.41,4386.689,14257.279,39089.378000000004
2025-08-30 23:00:00,20269.83,4209.268,13508.948,37988.046
2025-08-31 00:00:00,19119.89,4011.6218,12537.21,35668.7218
2025-08-31 01:00:00,18022.352,3757.8296,11659.966,33440.1476
2025-08-31 02:00:00,17487.229,3580.7356,11372.96,32440.9246
2025-08-31 03:00:00,17095.516,3461.1873,11169.292,31725.995300000002
2025-08-31 04:00:00,17141.879,3413.8477,11384.792,31940.5187
2025-08-31 05:00:00,17153.621,3506.8848,11370.251,32030.7568
2025-08-31 06:00:00,17240.377,3574.5461,11583.938,32398.861100000002
2025-08-31 07:00:00,17525.518,3526.3257,11403.184,32455.0277
2025-08-31 08:00:00,17476.502,3600.8193,11602.104,32679.4253
2025-08-31 09:00:00,18039.324,3723.3545,11630.677,33393.355500000005
2025-08-31 10:00:00,18645.043,3763.9946,11605.632,34014.6696
2025-08-31 11:00:00,19255.498,3840.1875,11308.546,34404.2315
2025-08-31 12:00:00,19247.229,3877.2144,11377.228,34501.6714
2025-08-31 13:00:00,19339.766,4082.6172,12294.234,35716.6172
2025-08-31 14:00:00,19832.453,4220.7427,13032.771,37085.966700000004
2025-08-31 15:00:00,19933.324,4120.6045,13562.232,37616.1605
2025-08-31 16:00:00,19910.164,4110.489,13727.132,37747.784999999996
2025-08-31 17:00:00,19506.725,4025.0688,13264.435,36796.2288
2025-08-31 18:00:00,19565.127,3875.946,13307.484,36748.557
2025-08-31 19:00:00,19529.625,3894.5845,13255.762,36679.9715
2025-08-31 20:00:00,19311.707,4000.0188,13539.966,36851.6918
2025-08-31 21:00:00,19484.605,4140.1543,13647.28,37272.0393
2025-08-31 22:00:00,19567.938,4201.2593,12982.215,36751.412299999996
2025-08-31 23:00:00,19236.197,3952.753,12321.802,35510.752
2025-09-01 00:00:00,18170.133,3744.2202,11111.247,33025.6002
2025-09-01 01:00:00,16965.271,3540.782,10222.036,30728.089
2025-09-01 02:00:00,16484.594,3308.723,9661.159,29454.476000000002
2025-09-01 03:00:00,16555.016,3294.8333,9899.911,29749.760299999998
2025-09-01 04:00:00,16767.502,3220.0154,10100.301,30087.8184
2025-09-01 05:00:00,16830.998,3394.798,10730.213,30956.009
2025-09-01 06:00:00,17186.217,3459.4658,11097.676,31743.3588
2025-09-01 07:00:00,18162.588,3504.4639,11777.562,33444.6139
2025-09-01 08:00:00,18531.395,3653.4695,13027.014,35211.8785
2025-09-01 09:00:00,19297.191,3825.7905,13844.241,36967.222499999996
2025-09-01 10:00:00,20122.514,3952.127,14019.195,38093.835999999996
2025-09-01 11:00:00,20788.082,3938.28,13786.424,38512.786
2025-09-01 12:00:00,20976.936,4057.3674,14079.039,39113.3424
2025-09-01 13:00:00,21058.05,4261.1133,14912.498,40231.6613
2025-09-01 14:00:00,21585.605,4383.292,15650.322,41619.219
2025-09-01 15:00:00,21964.324,4333.628,16243.751,42541.703
2025-09-01 16:00:00,21782.506,4303.8267,16406.734,42493.066699999996
2025-09-01 17:00:00,21329.092,4118.7993,15623.062,41070.9533
2025-09-01 18:00:00,21317.36,3967.559,15037.024,40321.943
2025-09-01 19:00:00,21019.557,3906.4988,14888.512,39814.567800000004
2025-09-01 20:00:00,20432.996,3956.5688,15056.95,39446.514800000004
2025-09-01 21:00:00,20581.525,4221.997,15037.346,39840.868
2025-09-01 22:00:00,20629.193,4182.138,14088.204,38899.534999999996
2025-09-01 23:00:00,20242.49,4024.258,13017.961,37284.709
2025-09-02 00:00:00,19077.904,3800.4666,12038.881,34917.251599999996
2025-09-02 01:00:00,18020.74,3590.364,11064.385,32675.489
2025-09-02 02:00:00,17532.754,3399.3162,10554.672,31486.7422
2025-09-02 03:00:00,17389.484,3396.8894,10743.052,31529.4254
2025-09-02 04:00:00,17453.979,3355.184,10892.897,31702.06
2025-09-02 05:00:00,17429.367,3473.9856,11167.163,32070.5156
2025-09-02 06:00:00,17847.266,3609.1394,11962.615,33419.0204
2025-09-02 07:00:00,18834.018,3663.058,12658.909,35155.985
2025-09-02 08:00:00,19287.816,3798.9585,13657.782,36744.5565
2025-09-02 09:00:00,19939.287,3961.4385,14190.97,38091.6955
2025-09-02 10:00:00,20822.795,4089.596,14301.339,39213.729999999996
2025-09-02 11:00:00,21573.348,4201.8887,14180.3125,39955.5492
2025-09-02 12:00:00,21355.193,4154.0435,14001.564,39510.8005
2025-09-02 13:00:00,21498.408,4389.3496,14724.617,40612.374599999996
2025-09-02 14:00:00,21888.299,4527.595,15888.837,42304.731
2025-09-02 15:00:00,22545.68,4543.905,16520.45,43610.035
2025-09-02 16:00:00,22259.545,4473.2246,16521.43,43254.1996
2025-09-02 17:00:00,21642.47,4340.8774,15745.241,41728.5884
2025-09-02 18:00:00,21497.887,4180.95,15176.158,40854.994999999995
2025-09-02 19:00:00,21201.248,4139.903,14982.135,40323.286
2025-09-02 20:00:00,20713.986,4216.539,14761.562,39692.087
2025-09-02 21:00:00,20768.46,4383.878,14812.038,39964.376000000004
2025-09-02 22:00:00,20747.697,4384.565,13985.058,39117.32
2025-09-02 23:00:00,20174.342,4154.553,12851.617,37180.512
2025-09-03 00:00:00,18941.965,3909.2158,11732.719,34583.8998
2025-09-03 01:00:00,17859.264,3668.1326,10827.205,32354.6016
2025-09-03 02:00:00,17819.033,3573.8782,10685.43,32078.3412
2025-09-03 03:00:00,17206.508,3413.2124,10424.973,31044.693400000004
2025-09-03 04:00:00,17260.77,3392.601,10711.766,31365.137
2025-09-03 05:00:00,17222.965,3544.916,11285.794,32053.675000000003
2025-09-03 06:00:00,17832.621,3713.3818,11641.476,33187.4788
2025-09-03 07:00:00,18683.78,3757.396,12221.648,34662.824
2025-09-03 08:00:00,18998.004,3904.3489,13282.673,36185.0259
2025-09-03 09:00:00,19809.104,4074.1106,13881.341,37764.5556
2025-09-03 10:00:00,20743.88,4194.0645,13775.5205,38713.465000000004
2025-09-03 11:00:00,21499.395,4292.532,13891.762,39683.689
2025-09-03 12:00:00,21547.74,4326.207,13603.657,39477.604
2025-09-03 13:00:00,21850.938,4537.174,15037.506,41425.617999999995
2025-09-03 14:00:00,22324.916,4675.1895,16002.827,43002.9325
2025-09-03 15:00:00,22597.44,4630.9707,16630.754,43859.1647
2025-09-03 16:00:00,22158.543,4593.0264,16632.059,43383.6284
2025-09-03 17:00:00,21819.383,4444.5176,15870.363,42134.2636
2025-09-03 18:00:00,21657.191,4323.859,15206.784,41187.834
2025-09-03 19:00:00,21407.037,4287.581,15174.563,40869.181000000004
2025-09-03 20:00:00,21171.266,4336.7554,14980.205,40488.2264
2025-09-03 21:00:00,21185.959,4509.7695,14956.211,40651.93949999999
2025-09-03 22:00:00,21064.402,4475.55,14349.714,39889.666
2025-09-03 23:00:00,20864.672,4261.4185,13146.357,38272.447499999995
2025-09-04 00:00:00,19616.012,4070.7502,12114.1455,35800.907699999996
2025-09-04 01:00:00,18423.115,3818.468,11357.738,33599.321
2025-09-04 02:00:00,18129.49,3613.5867,11032.22,32775.2967
2025-09-04 03:00:00,17654.783,3502.273,11017.809,32174.864999999998
2025-09-04 04:00:00,17764.322,3464.8906,11345.128,32574.3406
2025-09-04 05:00:00,17712.371,3630.1812,11764.615,33107.167199999996
2025-09-04 06:00:00,18088.516,3747.4722,12102.984,33938.972200000004
2025-09-04 07:00:00,19152.074,3841.0535,12647.982,35641.109500000006
2025-09-04 08:00:00,19655.932,4035.2556,14126.1,37817.2876
2025-09-04 09:00:00,20463.594,4224.5986,14770.773,39458.9656
2025-09-04 10:00:00,21348.043,4380.939,14941.034,40670.016
2025-09-04 11:00:00,22069.965,4434.245,14889.483,41393.693
2025-09-04 12:00:00,22086.465,4487.0547,14791.081,41364.6007
2025-09-04 13:00:00,22050.178,4694.505,15752.842,42497.525
2025-09-04 14:00:00,22653.94,4880.6016,16649.787,44184.32859999999
2025-09-04 15:00:00,22960.633,4860.7437,17336.88,45158.2567
2025-09-04 16:00:00,23021.826,4790.815,17512.973,45325.614
2025-09-04 17:00:00,22125.82,4595.2607,16464.787,43185.8677
2025-09-04 18:00:00,22065.012,4432.457,16107.165,42604.634
2025-09-04 19:00:00,21779.592,4376.3633,15735.093,41891.0483
2025-09-04 20:00:00,21580.88,4405.344,15683.456,41669.68
2025-09-04 21:00:00,21617.22,4608.2026,15666.382,41891.8046
2025-09-04 22:00:00,21627.184,4596.5947,14969.324,41193.1027
2025-09-04 23:00:00,21160.791,4354.0537,13931.044,39445.8887
2025-09-05 00:00:00,19713.855,4088.3193,12839.572,36641.7463
2025-09-05 01:00:00,18849.094,3894.3887,11951.578,34695.0607
2025-09-05 02:00:00,18317.45,3692.7131,11784.653,33794.816100000004
2025-09-05 03:00:00,18328.908,3651.633,11995.532,33976.073
2025-09-05 04:00:00,18405.727,3611.5742,12005.576,34022.877199999995
2025-09-05 05:00:00,18474.502,3743.0288,12639.139,34856.6698
2025-09-05 06:00:00,18950.67,3841.8306,12934.062,35726.5626
2025-09-05 07:00:00,19573.617,3938.1577,13591.3,37103.0747
2025-09-05 08:00:00,20234.2,4075.979,14564.879,38875.058000000005
2025-09-05 09:00:00,20846.33,4258.1597,15411.86,40516.349700000006
2025-09-05 10:00:00,21933.096,4409.75,15383.569,41726.415
2025-09-05 11:00:00,22381.72,4501.902,15366.772,42250.394
2025-09-05 12:00:00,22616.281,4595.725,15531.092,42743.098
2025-09-05 13:00:00,22802.494,4787.5854,16310.368,43900.4474
2025-09-05 14:00:00,23374.87,5000.588,17577.291,45952.748999999996
2025-09-05 15:00:00,23688.559,4923.35,17923.082,46534.990999999995
2025-09-05 16:00:00,23355.914,4857.0264,18127.244,46340.1844
2025-09-05 17:00:00,23061.893,4672.961,17478.611,45213.465
2025-09-05 18:00:00,22938.035,4532.0933,17084.756,44554.884300000005
2025-09-05 19:00:00,22433.795,4423.498,16688.457,43545.75
2025-09-05 20:00:00,22065.17,4486.9893,16524.184,43076.3433
2025-09-05 21:00:00,22167.645,4734.146,16626.643,43528.434
2025-09-05 22:00:00,22105.707,4713.007,15895.522,42714.236000000004
2025-09-05 23:00:00,21955.436,4525.3384,14952.63,41433.4044
2025-09-06 00:00:00,20519.686,4301.502,13871.715,38692.903000000006
2025-09-06 01:00:00,19162.684,4038.976,12950.547,36152.207
2025-09-06 02:00:00,19164.166,3901.345,12554.599,35620.11
2025-09-06 03:00:00,18562.506,3749.7178,12370.21,34682.4338
2025-09-06 04:00:00,18921.51,3769.315,12625.5,35316.325
2025-09-06 05:00:00,18837.484,3943.2356,13255.177,36035.8966
2025-09-06 06:00:00,19305.818,4001.8018,13632.847,36940.4668
2025-09-06 07:00:00,19890.951,4033.9927,14002.851,37927.7947
2025-09-06 08:00:00,20127.11,4110.216,14697.154,38934.48
2025-09-06 09:00:00,20986.979,4327.9766,15551.088,40866.043600000005
2025-09-06 10:00:00,21644.707,4416.507,15376.506,41437.72
2025-09-06 11:00:00,22202.818,4505.454,15360.303,42068.575
2025-09-06 12:00:00,22213.094,4485.451,15233.911,41932.456000000006
2025-09-06 13:00:00,22424.084,4738.46,16209.603,43372.147
2025-09-06 14:00:00,23113.53,4883.677,17082.316,45079.523
2025-09-06 15:00:00,23077.352,4838.9546,17447.705,45364.0116
2025-09-06 16:00:00,23009.436,4734.9995,17387.156,45131.591499999995
2025-09-06 17:00:00,22233.395,4560.4663,16362.103,43155.9643
2025-09-06 18:00:00,22329.156,4423.0234,15801.331,42553.5104
2025-09-06 19:00:00,21894.678,4345.871,15396.537,41637.085999999996
2025-09-06 20:00:00,21162.809,4409.79,15449.338,41021.937000000005
2025-09-06 21:00:00,21328.049,4635.4927,15590.316,41553.8577
2025-09-06 22:00:00,21439.29,4620.0405,15100.039,41159.3695
2025-09-06 23:00:00,21291.457,4460.426,14167.991,39919.873999999996
2025-09-07 00:00:00,19854.852,4201.0693,13224.771,37280.692299999995
2025-09-07 01:00:00,18950.266,3992.8125,12539.523,35482.6015
2025-09-07 02:00:00,18563.822,3826.7622,12009.646,34400.230200000005
2025-09-07 03:00:00,18402.164,3727.7576,12121.051,34250.9726
2025-09-07 04:00:00,18185.615,3686.8035,12177.468,34049.8865
2025-09-07 05:00:00,17893.121,3744.5686,12283.675,33921.3646
2025-09-07 06:00:00,18387.814,3815.5784,12358.062,34561.454399999995
2025-09-07 07:00:00,18612.771,3766.4312,12163.715,34542.917199999996
2025-09-07 08:00:00,18737.93,3850.8062,12521.786,35110.5222
2025-09-07 09:00:00,18987.232,3966.872,12535.614,35489.718
2025-09-07 10:00:00,19646.709,4036.099,12308.494,35991.301999999996
2025-09-07 11:00:00,20228.98,4086.7751,12079.853,36395.6081
2025-09-07 12:00:00,20093.756,4160.1973,12199.267,36453.2203
2025-09-07 13:00:00,20362.102,4336.592,13001.939,37700.633
2025-09-07 14:00:00,20978.707,4532.18,13806.681,39317.568
2025-09-07 15:00:00,21458.076,4492.343,14462.351,40412.770000000004
2025-09-07 16:00:00,21288.402,4417.386,14799.188,40504.976
2025-09-07 17:00:00,20851.555,4275.24,14239.576,39366.371
2025-09-07 18:00:00,20816.246,4131.547,14012.996,38960.789
2025-09-07 19:00:00,21013.375,4137.8525,14236.851,39388.0785
2025-09-07 20:00:00,20732.93,4233.4023,14169.661,39135.9933
2025-09-07 21:00:00,20788.494,4441.535,14190.724,39420.753
2025-09-07 22:00:00,20958.754,4428.901,13760.544,39148.199
2025-09-07 23:00:00,20756.523,4242.568,12661.07,37660.161
2025-09-08 00:00:00,19171.934,3973.0703,11569.345,34714.3493
2025-09-08 01:00:00,18160.098,3740.733,10665.617,32566.448000000004
2025-09-08 02:00:00,17946.152,3611.836,10407.763,31965.750999999997
2025-09-08 03:00:00,17775.445,3563.3923,10468.231,31807.0683
2025-09-08 04:00:00,17879.857,3537.2139,10938.659,32355.7299
2025-09-08 05:00:00,18249.916,3704.2566,11564.667,33518.8396
2025-09-08 06:00:00,18933.523,3826.5063,11921.276,34681.3053
2025-09-08 07:00:00,19714.232,3883.601,12845.389,36443.221999999994
2025-09-08 08:00:00,20238.936,4032.1157,14151.255,38422.3067
2025-09-08 09:00:00,20840.074,4174.499,14873.694,39888.267
2025-09-08 10:00:00,21681.896,4278.402,14936.28,40896.578
2025-09-08 11:00:00,22569.99,4380.7046,15003.051,41953.7456
2025-09-08 12:00:00,22551.264,4497.5938,15030.813,42079.6708
2025-09-08 13:00:00,22941.098,4692.5273,16172.411,43806.0363
2025-09-08 14:00:00,23223.73,4838.691,17141.312,45203.733
2025-09-08 15:00:00,23480.11,4709.966,17513.758,45703.834
2025-09-08 16:00:00,23266.191,4609.5396,17402.275,45278.005600000004
2025-09-08 17:00:00,23004.088,4504.1025,16859.08,44367.2705
2025-09-08 18:00:00,22973.893,4324.176,16428.373,43726.441999999995
2025-09-08 19:00:00,22814.584,4315.785,16313.353,43443.721999999994
2025-09-08 20:00:00,22480.44,4399.3955,16157.202,43037.0375
2025-09-08 21:00:00,22452.092,4606.4346,16076.883,43135.4096
2025-09-08 22:00:00,22460.365,4618.467,15247.267,42326.099
2025-09-08 23:00:00,21829.135,4371.7495,14179.211,40380.095499999996
2025-09-09 00:00:00,20658.338,4133.819,12793.186,37585.343
2025-09-09 01:00:00,19610.781,3948.5195,12053.356,35612.6565
2025-09-09 02:00:00,19053.531,3819.8186,11745.437,34618.7866
2025-09-09 03:00:00,18933.059,3704.0793,11791.538,34428.67630000001
2025-09-09 04:00:00,19018.219,3748.0425,12101.914,34868.1755
2025-09-09 05:00:00,19303.674,3873.8022,12498.086,35675.5622
2025-09-09 06:00:00,19844.748,3982.8582,12870.001,36697.6072
2025-09-09 07:00:00,20593.969,4044.0144,13726.859,38364.8424
2025-09-09 08:00:00,20939.777,4200.5864,14855.239,39995.602399999996
2025-09-09 09:00:00,21638.58,4326.88,15475.181,41440.641
2025-09-09 10:00:00,22427.465,4466.7686,15622.987,42517.2206
2025-09-09 11:00:00,23016.988,4514.02,15504.543,43035.551
2025-09-09 12:00:00,23069.578,4526.824,15510.739,43107.141
2025-09-09 13:00:00,23381.395,4774.2944,16508.248,44663.937399999995
2025-09-09 14:00:00,23978.143,4920.364,17503.523,46402.03
2025-09-09 15:00:00,24346.37,4920.5444,18029.215,47296.1294
2025-09-09 16:00:00,23793.113,4830.4087,18169.793,46793.3147
2025-09-09 17:00:00,23483.488,4702.5283,17393.113,45579.1293
2025-09-09 18:00:00,23331.723,4542.936,16712.86,44587.519
2025-09-09 19:00:00,23023.416,4485.8354,16579.822,44089.0734
2025-09-09 20:00:00,22436.256,4549.9487,16456.678,43442.8827
2025-09-09 21:00:00,22496.332,4717.506,16403.217,43617.055
2025-09-09 22:00:00,22548.754,4717.4766,15332.88,42599.1106
2025-09-09 23:00:00,22123.207,4472.672,14239.065,40834.943999999996
2025-09-10 00:00:00,20797.621,4235.0684,13051.931,38084.6204
2025-09-10 01:00:00,19813.203,4013.9512,12132.488,35959.6422
2025-09-10 02:00:00,19558.92,3901.818,11902.758,35363.496
2025-09-10 03:00:00,19061.79,3690.4043,11906.651,34658.8453
2025-09-10 04:00:00,19312.783,3717.847,12091.4795,35122.1095
2025-09-10 05:00:00,19294.615,3875.4324,12592.952,35762.9994
2025-09-10 06:00:00,19670.877,3971.5933,13042.621,36685.0913
2025-09-10 07:00:00,20494.826,4042.2368,13665.637,38202.6998
2025-09-10 08:00:00,20780.33,4202.0513,14812.061,39794.4423
2025-09-10 09:00:00,21447.596,4364.3223,15340.386,41152.3043
2025-09-10 10:00:00,22488.73,4497.923,15342.282,42328.935
2025-09-10 11:00:00,23220.03,4562.3496,15214.49,42996.8696
2025-09-10 12:00:00,23383.379,4632.5684,15251.037,43266.9844
2025-09-10 13:00:00,23581.037,4857.2964,16329.866,44768.1994
2025-09-10 14:00:00,24162.127,4968.2163,17362.145,46492.4883
2025-09-10 15:00:00,24499.082,4919.828,17814.572,47233.482
2025-09-10 16:00:00,24399.123,4895.5103,17791.945,47086.5783
2025-09-10 17:00:00,23654.508,4722.035,16783.232,45159.775
2025-09-10 18:00:00,23629.67,4586.473,16369.766,44585.909
2025-09-10 19:00:00,23139.715,4462.115,16067.47,43669.3
2025-09-10 20:00:00,22626.21,4531.636,15939.53,43097.376
2025-09-10 21:00:00,22804.166,4711.1797,16095.38,43610.7257
2025-09-10 22:00:00,22887.014,4716.276,15182.916,42786.206
2025-09-10 23:00:00,22221.68,4458.4087,14014.646,40694.7347
2025-09-11 00:00:00,21081.152,4226.624,12655.65,37963.426
2025-09-11 01:00:00,19985.441,3999.597,11815.845,35800.883
2025-09-11 02:00:00,19491.186,3847.8691,11454.409,34793.4641
2025-09-11 03:00:00,19222.64,3753.4258,11641.031,34617.0968
2025-09-11 04:00:00,19414.102,3746.1287,11728.064,34888.2947
2025-09-11 05:00:00,19418.35,3875.2964,12407.642,35701.2884
2025-09-11 06:00:00,19697.303,4015.7366,12817.6045,36530.6441
2025-09-11 07:00:00,20472.752,4067.2578,13337.036,37877.0458
2025-09-11 08:00:00,20968.033,4221.0605,14302.365,39491.4585
2025-09-11 09:00:00,21542.742,4375.375,15115.535,41033.652
2025-09-11 10:00:00,22499.229,4497.6895,15168.584,42165.5025
2025-09-11 11:00:00,23174.041,4557.0024,15186.226,42917.269400000005
2025-09-11 12:00:00,23010.91,4581.9097,15097.8,42690.619699999996
2025-09-11 13:00:00,23589.795,4871.086,16258.536,44719.417
2025-09-11 14:00:00,24109.176,5049.367,17417.484,46576.027
2025-09-11 15:00:00,24452.514,4986.1177,17741.24,47179.8717
2025-09-11 16:00:00,24205.588,4931.438,17790.834,46927.86
2025-09-11 17:00:00,23608.793,4785.428,16865.232,45259.453
2025-09-11 18:00:00,23617.918,4580.869,16354.618,44553.405
2025-09-11 19:00:00,23307.764,4544.0967,16310.837,44162.6977
2025-09-11 20:00:00,22659.584,4559.8022,15998.561,43217.9472
2025-09-11 21:00:00,22790.988,4777.4795,16200.353,43768.8205
2025-09-11 22:00:00,22759.875,4717.7817,15493.331,42970.9877
2025-09-11 23:00:00,22417.006,4506.9097,14257.719,41181.6347
2025-09-12 00:00:00,21188.766,4318.053,13139.378,38646.197
2025-09-12 01:00:00,20181.164,4033.4019,12207.557,36422.1229
2025-09-12 02:00:00,19768.064,3854.8213,11857.055,35479.9403
2025-09-12 03:00:00,19396.252,3713.6697,11718.385,34828.3067
2025-09-12 04:00:00,19523.84,3757.81,12137.734,35419.384000000005
2025-09-12 05:00:00,19499.07,3881.4075,12640.775,36021.2525
2025-09-12 06:00:00,19793.041,3943.0762,12986.186,36722.3032
2025-09-12 07:00:00,20665.54,4027.1975,13780.383,38473.120500000005
2025-09-12 08:00:00,20902.92,4178.2773,14699.107,39780.3043
2025-09-12 09:00:00,21527.914,4349.6743,15235.422,41113.0103
2025-09-12 10:00:00,22309.545,4473.8296,15286.947,42070.321599999996
2025-09-12 11:00:00,22961.568,4526.127,15096.931,42584.626000000004
2025-09-12 12:00:00,23194.084,4595.079,15251.16,43040.323000000004
2025-09-12 13:00:00,23054.344,4803.657,16448.838,44306.839
2025-09-12 14:00:00,23854.895,4978.1504,17686.988,46520.0334
2025-09-12 15:00:00,24230.41,4945.3965,18023.256,47199.0625
2025-09-12 16:00:00,23982.342,4891.8193,18284.29,47158.4513
2025-09-12 17:00:00,23537.943,4695.847,17417.025,45650.815
2025-09-12 18:00:00,23570.648,4532.2393,17050.766,45153.653300000005
2025-09-12 19:00:00,23009.955,4500.2197,16895.91,44406.08470000001
2025-09-12 20:00:00,22508.291,4561.8213,16767.49,43837.6023
2025-09-12 21:00:00,22470.422,4737.277,16826.518,44034.217000000004
2025-09-12 22:00:00,22223.564,4701.0933,15805.642,42730.2993
2025-09-12 23:00:00,22072.045,4533.0767,14819.542,41424.6637
2025-09-13 00:00:00,20844.973,4357.0913,13646.448,38848.5123
2025-09-13 01:00:00,19833.492,4067.1316,12778.0,36678.6236
2025-09-13 02:00:00,19390.7,3935.836,12421.69,35748.226
2025-09-13 03:00:00,19064.23,3817.4639,12557.804,35439.4979
2025-09-13 04:00:00,19069.977,3821.7852,12742.929,35634.6912
2025-09-13 05:00:00,18925.197,3900.2712,13097.439,35922.9072
2025-09-13 06:00:00,19450.71,3983.917,13205.228,36639.854999999996
2025-09-13 07:00:00,20065.635,4018.4885,13868.331,37952.4545
2025-09-13 08:00:00,20327.098,4166.1724,14658.667,39151.9374
2025-09-13 09:00:00,20832.37,4272.6807,15073.378,40178.428700000004
2025-09-13 10:00:00,21615.66,4357.103,15017.719,40990.481999999996
2025-09-13 11:00:00,22103.035,4409.454,14955.161,41467.65
2025-09-13 12:00:00,22088.95,4394.7554,14817.497,41301.202399999995
2025-09-13 13:00:00,22490.764,4680.981,15956.293,43128.038
2025-09-13 14:00:00,23096.203,4799.531,17025.434,44921.168000000005
2025-09-13 15:00:00,23258.777,4768.8755,17336.492,45364.144499999995
2025-09-13 16:00:00,22698.06,4649.2437,17224.455,44571.758700000006
2025-09-13 17:00:00,22082.111,4491.065,16183.772,42756.948000000004
2025-09-13 18:00:00,22213.807,4430.952,15690.148,42334.907
2025-09-13 19:00:00,21883.797,4364.9033,15307.577,41556.277299999994
2025-09-13 20:00:00,21148.709,4408.289,15325.765,40882.763
2025-09-13 21:00:00,21485.723,4619.5034,15399.661,41504.8874
2025-09-13 22:00:00,21317.031,4603.597,14830.518,40751.14599999999
2025-09-13 23:00:00,20940.473,4445.704,13921.889,39308.066000000006
2025-09-14 00:00:00,19542.5,4166.462,12839.362,36548.324
2025-09-14 01:00:00,18476.531,3944.8774,11899.747,34321.1554
2025-09-14 02:00:00,18190.258,3814.1155,11569.893,33574.2665
2025-09-14 03:00:00,18047.78,3710.4822,11716.113,33474.375199999995
2025-09-14 04:00:00,17994.703,3687.8232,11884.912,33567.438200000004
2025-09-14 05:00:00,17844.229,3770.607,11870.388,33485.224
2025-09-14 06:00:00,17963.36,3811.1274,12096.249,33870.7364
2025-09-14 07:00:00,18307.324,3790.1978,11839.901,33937.4228
2025-09-14 08:00:00,18399.27,3844.405,12056.895,34300.57
2025-09-14 09:00:00,18766.701,3958.535,12070.444,34795.68
2025-09-14 10:00:00,19156.016,4011.158,11711.601,34878.775
2025-09-14 11:00:00,19485.455,4028.2227,11666.259,35179.9367
2025-09-14 12:00:00,19607.424,4048.4202,11730.036,35385.8802
2025-09-14 13:00:00,19743.316,4246.9995,12642.047,36632.362499999996
2025-09-14 14:00:00,20639.938,4472.127,13715.88,38827.945
2025-09-14 15:00:00,20969.207,4459.0435,14332.883,39761.133499999996
2025-09-14 16:00:00,20790.902,4410.412,14466.549,39667.863
2025-09-14 17:00:00,20566.902,4285.197,13849.379,38701.478
2025-09-14 18:00:00,20571.17,4201.8174,13950.606,38723.5934
2025-09-14 19:00:00,20727.602,4204.0967,14353.05,39284.7487
2025-09-14 20:00:00,20430.602,4234.595,14174.176,38839.373
2025-09-14 21:00:00,20390.672,4409.845,14221.305,39021.822
2025-09-14 22:00:00,20352.93,4336.012,13490.142,38179.084
2025-09-14 23:00:00,20064.664,4179.1025,12450.327,36694.0935
2025-09-15 00:00:00,18613.348,3914.1284,11426.572,33954.0484
2025-09-15 01:00:00,17775.184,3709.955,10473.562,31958.701
2025-09-15 02:00:00,17674.3,3584.628,10395.558,31654.486
2025-09-15 03:00:00,17422.926,3487.6587,10418.364,31328.9487
2025-09-15 04:00:00,17608.982,3486.1667,10454.828,31549.9767
2025-09-15 05:00:00,17733.955,3648.8074,11218.189,32600.951400000005
2025-09-15 06:00:00,18395.906,3762.1543,11723.825,33881.885299999994
2025-09-15 07:00:00,19199.889,3809.3943,12522.817,35532.1003
2025-09-15 08:00:00,19407.975,3945.162,13773.585,37126.721999999994
2025-09-15 09:00:00,20467.445,4117.2607,14401.089,38985.7947
2025-09-15 10:00:00,20967.79,4185.979,14504.143,39657.912
2025-09-15 11:00:00,21620.824,4268.0317,14595.979,40484.8347
2025-09-15 12:00:00,21751.85,4281.4795,14869.5205,40902.85
2025-09-15 13:00:00,21912.104,4502.0513,15766.699,42180.8543
2025-09-15 14:00:00,22619.486,4681.294,16821.85,44122.63
2025-09-15 15:00:00,22937.307,4635.921,17384.227,44957.455
2025-09-15 16:00:00,22892.586,4606.6074,17628.998,45128.191399999996
2025-09-15 17:00:00,22561.512,4446.8057,16808.094,43816.4117
2025-09-15 18:00:00,22602.84,4344.9346,16265.982,43213.7566
2025-09-15 19:00:00,22372.791,4259.703,16060.871,42693.365000000005
2025-09-15 20:00:00,22013.654,4293.4775,15986.09,42293.2215
2025-09-15 21:00:00,21904.084,4480.887,16022.121,42407.092
2025-09-15 22:00:00,21858.83,4464.29,15263.345,41586.465000000004
2025-09-15 23:00:00,21245.867,4283.1763,14057.09,39586.1333
2025-09-16 00:00:00,20243.76,4060.2908,12936.304,37240.3548
2025-09-16 01:00:00,19175.51,3888.25,11856.768,34920.528
2025-09-16 02:00:00,19039.9,3775.734,11721.533,34537.167
2025-09-16 03:00:00,18659.775,3661.6677,11785.488,34106.9307
2025-09-16 04:00:00,18940.953,3728.298,11813.135,34482.386
2025-09-16 05:00:00,19020.684,3850.3782,12371.928,35242.9902
2025-09-16 06:00:00,19511.79,3958.768,12911.617,36382.175
2025-09-16 07:00:00,20105.963,3958.4558,13446.524,37510.9428
2025-09-16 08:00:00,20628.123,4127.4067,14679.969,39435.4987
2025-09-16 09:00:00,21407.248,4273.9907,15276.921,40958.159700000004
2025-09-16 10:00:00,21963.662,4349.0396,15237.102,41549.8036
2025-09-16 11:00:00,22688.15,4455.988,15170.044,42314.182
2025-09-16 12:00:00,22852.309,4520.8574,15344.048,42717.214400000004
2025-09-16 13:00:00,23083.322,4730.436,16248.037,44061.795
2025-09-16 14:00:00,23707.266,4952.5825,17389.53,46049.3785
2025-09-16 15:00:00,24070.992,4876.309,17718.176,46665.477
2025-09-16 16:00:00,23766.912,4870.343,17652.285,46289.54
2025-09-16 17:00:00,23395.605,4699.5557,16784.447,44879.6077
2025-09-16 18:00:00,23371.1,4551.3975,16332.301,44254.7985
2025-09-16 19:00:00,22984.23,4498.843,16338.193,43821.266
2025-09-16 20:00:00,22478.133,4574.596,16125.968,43178.697
2025-09-16 21:00:00,22260.016,4716.6084,15921.186,42897.8104
2025-09-16 22:00:00,22378.898,4714.3975,15136.519,42229.8145
2025-09-16 23:00:00,21720.76,4486.983,14098.564,40306.307
2025-09-17 00:00:00,20728.574,4280.1655,13017.656,38026.3955
2025-09-17 01:00:00,19550.639,4063.861,12042.26,35656.76
2025-09-17 02:00:00,19134.049,3830.0872,11646.699,34610.8352
2025-09-17 03:00:00,18862.436,3804.8481,11653.476,34320.7601
2025-09-17 04:00:00,18896.758,3783.224,11700.71,34380.692
2025-09-17 05:00:00,18945.244,3875.1914,12021.229,34841.664399999994
2025-09-17 06:00:00,19492.93,4027.364,12499.653,36019.947
2025-09-17 07:00:00,20062.56,4059.955,13272.601,37395.116
2025-09-17 08:00:00,20413.443,4157.2524,14145.919,38716.6144
2025-09-17 09:00:00,20917.22,4336.019,14782.714,40035.953
2025-09-17 10:00:00,21980.387,4511.735,14912.465,41404.587
2025-09-17 11:00:00,22701.549,4603.5127,14787.65,42092.7117
2025-09-17 12:00:00,22793.53,4625.4404,14978.22,42397.1904
2025-09-17 13:00:00,23168.363,4845.478,16161.247,44175.088
2025-09-17 14:00:00,23591.498,4951.747,17025.434,45568.679000000004
2025-09-17 15:00:00,23789.322,4895.9844,17332.988,46018.2944
2025-09-17 16:00:00,23790.717,4871.1294,17475.104,46136.9504
2025-09-17 17:00:00,23197.678,4702.1763,16320.59,44220.4443
2025-09-17 18:00:00,23232.979,4654.7573,16027.033,43914.7693
2025-09-17 19:00:00,22917.861,4543.807,15815.07,43276.738
2025-09-17 20:00:00,22543.447,4598.061,15864.305,43005.813
2025-09-17 21:00:00,22291.412,4726.101,15620.425,42637.937999999995
2025-09-17 22:00:00,22211.643,4670.9043,14613.821,41496.3683
2025-09-17 23:00:00,21544.754,4451.4434,13598.293,39594.4904
2025-09-18 00:00:00,20289.363,4229.4756,12560.083,37078.9216
2025-09-18 01:00:00,19131.523,3963.6284,11348.443,34443.5944
2025-09-18 02:00:00,18816.479,3819.858,11102.36,33738.697
2025-09-18 03:00:00,18611.71,3704.103,11119.03,33434.843
2025-09-18 04:00:00,18523.404,3710.1558,11156.014,33389.5738
2025-09-18 05:00:00,18558.281,3815.4663,11456.129,33829.8763
2025-09-18 06:00:00,18927.188,3922.6016,11923.647,34773.4366
2025-09-18 07:00:00,19873.766,4010.548,12727.817,36612.130999999994
2025-09-18 08:00:00,20106.812,4111.2905,13636.889,37854.991500000004
2025-09-18 09:00:00,20774.113,4283.0684,14353.904,39411.0854
2025-09-18 10:00:00,21628.143,4411.4,14536.27,40575.812999999995
2025-09-18 11:00:00,22165.26,4448.998,14557.387,41171.645
2025-09-18 12:00:00,22207.947,4466.0557,14663.963,41337.9657
2025-09-18 13:00:00,22369.814,4773.941,15641.433,42785.187999999995
2025-09-18 14:00:00,23348.826,4957.9917,16925.139,45231.956699999995
2025-09-18 15:00:00,23405.014,4899.6577,17283.73,45588.4017
2025-09-18 16:00:00,23314.693,4853.7466,17483.553,45651.9926
2025-09-18 17:00:00,22985.756,4696.2085,16667.93,44349.8945
2025-09-18 18:00:00,22837.012,4568.59,16188.235,43593.837
2025-09-18 19:00:00,22690.79,4478.8525,16072.137,43241.779500000004
2025-09-18 20:00:00,22216.043,4544.245,16038.963,42799.251000000004
2025-09-18 21:00:00,22099.47,4678.45,15736.901,42514.821
2025-09-18 22:00:00,22064.18,4660.5938,15040.341,41765.114799999996
2025-09-18 23:00:00,21703.86,4428.527,13716.569,39848.956000000006
2025-09-19 00:00:00,20438.17,4241.324,12617.357,37296.850999999995
2025-09-19 01:00:00,19057.986,3940.7278,11654.367,34653.0808
2025-09-19 02:00:00,18972.71,3818.3306,11495.095,34286.1356
2025-09-19 03:00:00,18771.111,3740.5066,11547.446,34059.0636
2025-09-19 04:00:00,18703.145,3701.1948,11654.133,34058.4728
2025-09-19 05:00:00,18474.076,3765.8125,12268.904,34508.7925
2025-09-19 06:00:00,19179.648,3916.703,12596.131,35692.482
2025-09-19 07:00:00,19722.32,3907.9895,13138.696,36769.0055
2025-09-19 08:00:00,20105.451,4089.6206,14253.628,38448.69960000001
2025-09-19 09:00:00,20825.29,4249.94,14862.202,39937.432
2025-09-19 10:00:00,21778.865,4371.443,14932.052,41082.36
2025-09-19 11:00:00,22492.63,4477.504,14927.208,41897.342000000004
2025-09-19 12:00:00,22851.287,4563.7793,15244.886,42659.9523
2025-09-19 13:00:00,22841.283,4759.524,16228.481,43829.288
2025-09-19 14:00:00,23451.45,4921.9307,17342.092,45715.4727
2025-09-19 15:00:00,23730.566,4887.9297,17708.453,46326.9487
2025-09-19 16:00:00,23708.686,4858.0747,18045.947,46612.7077
2025-09-19 17:00:00,23112.498,4696.8823,17343.834,45153.2143
2025-09-19 18:00:00,23457.336,4564.924,16786.848,44809.108
2025-09-19 19:00:00,22729.762,4487.9146,16558.035,43775.711599999995
2025-09-19 20:00:00,22352.873,4536.5703,16752.004,43641.4473
2025-09-19 21:00:00,22232.791,4709.876,16662.19,43604.857
2025-09-19 22:00:00,22248.266,4691.988,16004.513,42944.767
2025-09-19 23:00:00,21769.713,4473.7495,14806.843,41050.3055
2025-09-20 00:00:00,20791.139,4321.2153,13565.778,38678.1323
2025-09-20 01:00:00,19599.137,4114.708,12793.986,36507.831
2025-09-20 02:00:00,19201.871,3949.9731,12484.995,35636.8391
2025-09-20 03:00:00,18661.521,3795.2273,12260.857,34717.605299999996
2025-09-20 04:00:00,18769.82,3751.7783,12397.636,34919.2343
2025-09-20 05:00:00,18790.223,3896.886,12808.425,35495.534
2025-09-20 06:00:00,19510.678,4033.024,13183.33,36727.032
2025-09-20 07:00:00,19997.746,4037.4287,13791.247,37826.4217
2025-09-20 08:00:00,20278.502,4192.171,14958.894,39429.567
2025-09-20 09:00:00,20775.617,4283.9863,15195.942,40255.5453
2025-09-20 10:00:00,21477.209,4334.1,15302.779,41114.088
2025-09-20 11:00:00,22006.193,4333.053,15062.342,41401.588
2025-09-20 12:00:00,22058.988,4430.1377,15209.043,41698.1687
2025-09-20 13:00:00,22423.54,4651.689,16130.645,43205.873999999996
2025-09-20 14:00:00,22801.87,4805.4927,17045.264,44652.62669999999
2025-09-20 15:00:00,23019.402,4779.6914,17393.22,45192.3134
2025-09-20 16:00:00,22844.762,4758.8267,17424.59,45028.178700000004
2025-09-20 17:00:00,22668.844,4609.9233,16500.338,43779.105299999996
2025-09-20 18:00:00,22494.215,4463.3154,15922.185,42879.7154
2025-09-20 19:00:00,22160.025,4419.0454,15563.35,42142.4204
2025-09-20 20:00:00,21606.752,4423.167,15490.47,41520.389
2025-09-20 21:00:00,21478.98,4619.308,15752.469,41850.757
2025-09-20 22:00:00,21381.025,4628.538,14906.685,40916.248
2025-09-20 23:00:00,20854.906,4367.2227,13983.93,39206.0587
2025-09-21 00:00:00,19766.65,4226.83,12924.835,36918.315
2025-09-21 01:00:00,18662.521,4006.981,12238.091,34907.593
2025-09-21 02:00:00,18232.545,3831.5425,11595.5205,33659.608
2025-09-21 03:00:00,18145.65,3738.2173,11720.12,33603.9873
2025-09-21 04:00:00,17879.908,3698.6243,11765.212,33343.7443
2025-09-21 05:00:00,17545.467,3743.7673,11748.5205,33037.7548
2025-09-21 06:00:00,17911.574,3782.8362,11909.819,33604.2292
2025-09-21 07:00:00,18296.783,3763.3806,11844.986,33905.149600000004
2025-09-21 08:00:00,18168.215,3818.8557,12047.475,34034.5457
2025-09-21 09:00:00,18553.674,3915.55,12076.979,34546.202999999994
2025-09-21 10:00:00,19061.979,3926.7896,11762.462,34751.230599999995
2025-09-21 11:00:00,19517.086,4004.7998,11715.361,35237.2468
2025-09-21 12:00:00,19494.043,4017.9438,11590.969,35102.9558
2025-09-21 13:00:00,19578.004,4180.341,12462.6,36220.945
2025-09-21 14:00:00,20429.637,4397.266,13628.902,38455.805
2025-09-21 15:00:00,20799.95,4352.5073,13910.558,39063.0153
2025-09-21 16:00:00,20874.875,4372.4844,14388.703,39636.0624
2025-09-21 17:00:00,20666.52,4262.916,14006.818,38936.254
2025-09-21 18:00:00,20771.66,4209.879,13945.779,38927.318
2025-09-21 19:00:00,20655.55,4179.318,14187.605,39022.473
2025-09-21 20:00:00,20524.393,4279.2646,14214.492,39018.1496
2025-09-21 21:00:00,20253.383,4409.693,14180.973,38844.049
2025-09-21 22:00:00,20151.535,4332.3228,13542.847,38026.7048
2025-09-21 23:00:00,19911.82,4136.2466,12451.478,36499.544599999994
2025-09-22 00:00:00,18788.035,3952.3494,11332.091,34072.475399999996
2025-09-22 01:00:00,17774.287,3749.9185,10613.628,32137.8335
2025-09-22 02:00:00,17298.984,3575.4304,10159.045,31033.4594
2025-09-22 03:00:00,17087.598,3492.74,10010.87,30591.208000000006
2025-09-22 04:00:00,17439.566,3489.2466,10559.587,31488.399599999997
2025-09-22 05:00:00,17742.486,3634.1748,11126.791,32503.451800000003
2025-09-22 06:00:00,18119.867,3713.5498,11769.752,33603.1688
2025-09-22 07:00:00,19408.006,3742.8318,12627.141,35777.9788
2025-09-22 08:00:00,19780.293,3933.7856,13861.141,37575.2196
2025-09-22 09:00:00,20518.848,4029.6147,14661.528,39209.9907
2025-09-22 10:00:00,21062.572,4099.073,14741.789,39903.434
2025-09-22 11:00:00,21890.98,4193.471,14850.8125,40935.2635
2025-09-22 12:00:00,22171.55,4274.009,15097.836,41543.395000000004
2025-09-22 13:00:00,22252.93,4466.972,15957.668,42677.57
2025-09-22 14:00:00,22993.018,4660.4775,17273.691,44927.186499999996
2025-09-22 15:00:00,23394.24,4647.12,17808.906,45850.266
2025-09-22 16:00:00,23217.943,4620.038,17731.85,45569.831
2025-09-22 17:00:00,22985.338,4476.8853,17030.379,44492.6023
2025-09-22 18:00:00,23222.77,4354.6216,16847.678,44425.0696
2025-09-22 19:00:00,22946.111,4289.184,16489.314,43724.609
2025-09-22 20:00:00,22232.885,4340.6123,16179.621,42753.1183
2025-09-22 21:00:00,22236.867,4467.7715,16271.346,42975.9845
2025-09-22 22:00:00,22291.295,4504.96,15375.258,42171.513
2025-09-22 23:00:00,21835.617,4279.173,14293.266,40408.056
2025-09-23 00:00:00,20303.338,4071.6162,12950.617,37325.5712
2025-09-23 01:00:00,19433.31,3885.5813,11982.79,35301.681300000004
2025-09-23 02:00:00,19085.879,3781.9836,11693.698,34561.5606
2025-09-23 03:00:00,18653.71,3657.064,11775.111,34085.884999999995
2025-09-23 04:00:00,18863.633,3717.1484,12072.324,34653.1054
2025-09-23 05:00:00,18998.004,3809.873,12621.815,35429.692
2025-09-23 06:00:00,19514.143,3906.2908,13170.751,36591.1848
2025-09-23 07:00:00,20476.072,3953.6445,13743.722,38173.4385
2025-09-23 08:00:00,20997.867,4078.2283,14901.49,39977.5853
2025-09-23 09:00:00,21518.033,4195.0073,15477.14,41190.1803
2025-09-23 10:00:00,22188.688,4316.8843,15421.935,41927.5073
2025-09-23 11:00:00,22898.828,4424.9785,15645.564,42969.370500000005
2025-09-23 12:00:00,22882.756,4449.2466,15502.565,42834.5676
2025-09-23 13:00:00,22978.658,4616.833,16567.852,44163.34299999999
2025-09-23 14:00:00,23625.88,4836.1553,17679.566,46141.6013
2025-09-23 15:00:00,23721.2,4788.0225,17774.152,46283.3745
2025-09-23 16:00:00,23819.068,4796.437,18052.484,46667.989
2025-09-23 17:00:00,23630.938,4674.673,17381.732,45687.34299999999
2025-09-23 18:00:00,23557.44,4534.639,16776.586,44868.66499999999
2025-09-23 19:00:00,23293.283,4459.5347,16528.219,44281.0367
2025-09-23 20:00:00,22806.348,4513.2876,16421.762,43741.3976
2025-09-23 21:00:00,22529.258,4651.713,16245.524,43426.495
2025-09-23 22:00:00,22402.531,4615.148,15527.691,42545.37
2025-09-23 23:00:00,21816.885,4356.878,14040.877,40214.64
2025-09-24 00:00:00,20623.064,4164.308,13062.728,37850.1
2025-09-24 01:00:00,19543.994,3990.0906,12117.546,35651.6306
2025-09-24 02:00:00,19089.342,3789.8562,11781.356,34660.5542
2025-09-24 03:00:00,18804.646,3711.8616,11555.426,34071.933600000004
2025-09-24 04:00:00,18944.352,3703.5896,12054.461,34702.4026
2025-09-24 05:00:00,18781.139,3800.4954,12382.266,34963.9004
2025-09-24 06:00:00,19498.344,3963.9475,12910.232,36372.523499999996
2025-09-24 07:00:00,20099.889,3995.28,13362.762,37457.931
2025-09-24 08:00:00,20603.625,4095.0918,14377.118,39075.834800000004
2025-09-24 09:00:00,21195.932,4264.819,14975.211,40435.962
2025-09-24 10:00:00,21915.14,4374.0283,14984.267,41273.4353
2025-09-24 11:00:00,22594.453,4425.3555,14851.396,41871.2045
2025-09-24 12:00:00,22928.822,4496.9053,15147.744,42573.4713
2025-09-24 13:00:00,22792.48,4664.2256,15854.295,43311.0006
2025-09-24 14:00:00,23454.248,4868.559,17028.768,45351.575
2025-09-24 15:00:00,23675.154,4801.8364,17304.836,45781.8264
2025-09-24 16:00:00,23723.688,4817.1636,17442.852,45983.70359999999
2025-09-24 17:00:00,23261.217,4661.9844,16560.695,44483.8964
2025-09-24 18:00:00,23609.97,4566.64,16275.5625,44452.1725
2025-09-24 19:00:00,22979.195,4444.9707,16226.778,43650.943699999996
2025-09-24 20:00:00,22554.76,4484.5103,16134.883,43174.1533
2025-09-24 21:00:00,22554.107,4656.732,16322.9,43533.739
2025-09-24 22:00:00,22335.18,4592.499,15250.534,42178.213
2025-09-24 23:00:00,21553.914,4337.1265,13995.12,39886.160500000005
2025-09-25 00:00:00,20213.426,4071.0508,12646.108,36930.5848
2025-09-25 01:00:00,19256.912,3846.0427,11736.992,34839.9467
2025-09-25 02:00:00,18582.162,3688.2117,11504.085,33774.4587
2025-09-25 03:00:00,18531.75,3606.433,11544.935,33683.118
2025-09-25 04:00:00,18945.63,3597.8604,11845.765,34389.2554
2025-09-25 05:00:00,18793.355,3737.0713,12338.888,34869.3143
2025-09-25 06:00:00,19014.879,3808.0334,12721.301,35544.2134
2025-09-25 07:00:00,20038.07,3896.2686,13401.23,37335.5686
2025-09-25 08:00:00,20293.584,4077.9753,14736.688,39108.2473
2025-09-25 09:00:00,20799.42,4202.6333,15121.464,40123.5173
2025-09-25 10:00:00,21536.727,4308.004,15183.495,41028.226
2025-09-25 11:00:00,22202.36,4383.28,15078.078,41663.718
2025-09-25 12:00:00,22324.438,4421.5522,15005.682,41751.6722
2025-09-25 13:00:00,22543.701,4644.9966,16225.117,43413.8146
2025-09-25 14:00:00,22869.406,4810.301,17259.299,44939.005999999994
2025-09-25 15:00:00,23533.94,4853.607,17908.287,46295.834
2025-09-25 16:00:00,23473.273,4831.7334,17930.387,46235.3934
2025-09-25 17:00:00,22921.127,4627.902,17198.61,44747.639
2025-09-25 18:00:00,22914.787,4507.9556,16893.973,44316.7156
2025-09-25 19:00:00,22557.906,4422.652,16602.293,43582.850999999995
2025-09-25 20:00:00,22119.396,4432.184,16543.447,43095.027
2025-09-25 21:00:00,22185.379,4627.487,16454.812,43267.678
2025-09-25 22:00:00,21914.201,4607.6094,15636.753,42158.5634
2025-09-25 23:00:00,21216.092,4322.5303,14357.898,39896.520300000004
2025-09-26 00:00:00,20205.56,4128.642,13267.559,37601.761
2025-09-26 01:00:00,18833.99,3836.968,12215.731,34886.689
2025-09-26 02:00:00,18570.184,3716.2473,11731.068,34017.499299999996
2025-09-26 03:00:00,18360.814,3642.8286,12036.043,34039.6856
2025-09-26 04:00:00,18361.408,3581.0774,12202.593,34145.0784
2025-09-26 05:00:00,18403.402,3740.0854,12742.175,34885.6624
2025-09-26 06:00:00,19042.111,3829.1543,13220.421,36091.6863
2025-09-26 07:00:00,19850.596,3915.9531,14053.782,37820.331099999996
2025-09-26 08:00:00,20156.828,4062.0513,14845.024,39063.9033
2025-09-26 09:00:00,20856.53,4210.08,15585.97,40652.58
2025-09-26 10:00:00,21600.955,4369.8403,15612.248,41583.043300000005
2025-09-26 11:00:00,22265.922,4434.393,15587.198,42287.513
2025-09-26 12:00:00,22114.729,4449.818,15679.542,42244.089
2025-09-26 13:00:00,22071.709,4645.752,16760.838,43478.299
2025-09-26 14:00:00,22693.623,4826.35,17668.104,45188.077
2025-09-26 15:00:00,22976.953,4780.194,18203.582,45960.729
2025-09-26 16:00:00,22875.553,4791.8296,18324.299,45991.681599999996
2025-09-26 17:00:00,22582.986,4663.634,17827.412,45074.03200000001
2025-09-26 18:00:00,22962.432,4507.427,17427.89,44897.748999999996
2025-09-26 19:00:00,22428.736,4423.741,17455.633,44308.11
2025-09-26 20:00:00,21656.773,4458.011,17142.373,43257.157
2025-09-26 21:00:00,21767.174,4579.8936,17203.416,43550.4836
2025-09-26 22:00:00,21406.48,4574.3525,16146.224,42127.0565
2025-09-26 23:00:00,21101.365,4358.9956,15007.279,40467.6396
2025-09-27 00:00:00,19800.047,4179.294,13858.225,37837.566
2025-09-27 01:00:00,18672.57,3950.8452,12750.051,35373.466199999995
2025-09-27 02:00:00,18128.06,3755.7502,12340.374,34224.1842
2025-09-27 03:00:00,18072.09,3666.039,12459.893,34198.022
2025-09-27 04:00:00,18373.717,3715.5042,12850.593,34939.8142
2025-09-27 05:00:00,18141.5,3784.1133,13279.315,35204.9283
2025-09-27 06:00:00,18774.879,3914.1714,13670.678,36359.7284
2025-09-27 07:00:00,19441.252,3929.6436,14164.1045,37535.0001
2025-09-27 08:00:00,19818.674,4066.9375,14916.181,38801.792499999996
2025-09-27 09:00:00,20438.916,4192.0684,15567.817,40198.8014
2025-09-27 10:00:00,20924.03,4235.898,15221.74,40381.668
2025-09-27 11:00:00,21571.361,4340.0425,15291.968,41203.3715
2025-09-27 12:00:00,21339.172,4290.723,15011.066,40640.960999999996
2025-09-27 13:00:00,21466.117,4529.1953,16072.483,42067.7953
2025-09-27 14:00:00,22164.318,4696.6816,17122.22,43983.2196
2025-09-27 15:00:00,22176.064,4634.8823,17459.14,44270.086299999995
2025-09-27 16:00:00,22263.443,4638.2783,17321.45,44223.1713
2025-09-27 17:00:00,21902.508,4507.407,16639.459,43049.373999999996
2025-09-27 18:00:00,21885.055,4319.121,16003.587,42207.763
2025-09-27 19:00:00,21621.479,4300.278,15803.982,41725.739
2025-09-27 20:00:00,20985.87,4349.4023,15856.245,41191.5173
2025-09-27 21:00:00,20942.816,4498.3105,15953.366,41394.4925
2025-09-27 22:00:00,20675.363,4448.5854,15256.479,40380.4274
2025-09-27 23:00:00,20503.7,4263.903,14182.413,38950.016
2025-09-28 00:00:00,19337.06,4032.7021,12958.518,36328.2801
2025-09-28 01:00:00,18170.182,3845.5627,12220.488,34236.2327
2025-09-28 02:00:00,17683.56,3690.235,11869.962,33243.757
2025-09-28 03:00:00,17487.662,3610.9016,11965.298,33063.861600000004
2025-09-28 04:00:00,17632.404,3584.1917,12169.961,33386.5567
2025-09-28 05:00:00,17575.752,3677.5278,12318.261,33571.5408
2025-09-28 06:00:00,17660.621,3686.1912,12298.724,33645.5362
2025-09-28 07:00:00,18194.264,3657.4773,12225.522,34077.2633
2025-09-28 08:00:00,18166.145,3738.745,12562.885,34467.775
2025-09-28 09:00:00,18242.121,3751.139,12328.618,34321.878
2025-09-28 10:00:00,18856.775,3870.9653,12308.9,35036.6403
2025-09-28 11:00:00,19141.66,3862.7695,11797.295,34801.7245
2025-09-28 12:00:00,19073.682,3881.8833,11879.19,34834.755300000004
2025-09-28 13:00:00,19145.652,4075.8179,12657.75,35879.2199
2025-09-28 14:00:00,19720.328,4277.486,13682.327,37680.141
2025-09-28 15:00:00,19970.549,4217.0938,14121.593,38309.235799999995
2025-09-28 16:00:00,20010.25,4267.1245,14468.966,38746.3405
2025-09-28 17:00:00,20186.236,4193.39,14124.197,38503.823000000004
2025-09-28 18:00:00,20380.188,4104.1265,14105.478,38589.792499999996
2025-09-28 19:00:00,20265.16,4089.727,14426.8545,38781.7415
2025-09-28 20:00:00,19939.64,4170.453,14399.791,38509.884
2025-09-28 21:00:00,20052.7,4318.1367,14500.756,38871.5927
2025-09-28 22:00:00,19817.156,4256.2397,13578.746,37652.1417
2025-09-28 23:00:00,19455.445,4031.1538,12519.582,36006.1808
2025-09-29 00:00:00,18621.72,3884.574,10918.155,33424.449
2025-09-29 01:00:00,17882.203,3710.6658,10389.389,31982.2578
2025-09-29 02:00:00,17185.094,3485.8865,9934.971,30605.951500000003
2025-09-29 03:00:00,16912.635,3403.9639,10032.472,30349.0709
2025-09-29 04:00:00,17185.594,3357.3137,10445.038,30987.9457
2025-09-29 05:00:00,17422.674,3523.7769,11021.683,31968.1339
2025-09-29 06:00:00,17840.475,3591.3171,11324.633,32756.4251
2025-09-29 07:00:00,18637.479,3599.741,12240.78,34478.0
2025-09-29 08:00:00,19041.96,3723.1445,13493.443,36258.5475
2025-09-29 09:00:00,19579.113,3861.5256,14013.868,37454.5066
2025-09-29 10:00:00,20401.23,3991.337,14606.316,38998.883
2025-09-29 11:00:00,21196.246,4076.6218,14572.246,39845.1138
2025-09-29 12:00:00,21140.59,4070.6555,14654.054,39865.2995
2025-09-29 13:00:00,21399.674,4345.2153,15620.683,41365.5723
2025-09-29 14:00:00,21971.502,4493.7954,16506.68,42971.9774
2025-09-29 15:00:00,22458.902,4483.8027,16960.639,43903.3437
2025-09-29 16:00:00,22627.262,4473.041,17203.887,44304.19
2025-09-29 17:00:00,22301.518,4309.285,16661.445,43272.248
2025-09-29 18:00:00,22218.975,4179.738,16255.415,42654.128
2025-09-29 19:00:00,21792.271,4108.292,16098.262,41998.825000000004
2025-09-29 20:00:00,21624.934,4160.93,16206.19,41992.054000000004
2025-09-29 21:00:00,21466.924,4301.5283,15896.1455,41664.597799999996
2025-09-29 22:00:00,21535.62,4316.8657,14645.355,40497.8407
2025-09-29 23:00:00,20908.312,4133.1377,13670.778,38712.2277
2025-09-30 00:00:00,19869.736,3972.4565,12446.014,36288.2065
2025-09-30 01:00:00,18723.734,3763.7305,11614.597,34102.0615
2025-09-30 02:00:00,18164.34,3580.0493,11266.829,33011.2183
2025-09-30 03:00:00,17921.896,3543.9465,11422.327,32888.169499999996
2025-09-30 04:00:00,18113.363,3550.7307,11531.244,33195.337700000004
2025-09-30 05:00:00,18457.137,3691.794,12130.312,34279.242999999995
2025-09-30 06:00:00,19018.889,3817.597,12917.369,35753.855
2025-09-30 07:00:00,19828.328,3848.0737,13448.1045,37124.5062
2025-09-30 08:00:00,20203.312,3983.1504,14585.584,38772.0464
2025-09-30 09:00:00,20860.521,4129.4375,15215.849,40205.8075
2025-09-30 10:00:00,21771.076,4233.732,15251.069,41255.877
2025-09-30 11:00:00,22306.402,4307.926,15112.914,41727.242
2025-09-30 12:00:00,22378.42,4363.44,15288.968,42030.827999999994
2025-09-30 13:00:00,22633.23,4599.1196,16215.819,43448.168600000005
2025-09-30 14:00:00,23204.023,4768.236,17031.139,45003.398
2025-09-30 15:00:00,23649.002,4773.509,17499.426,45921.937
2025-09-30 16:00:00,23667.115,4737.174,17602.717,46007.006
2025-09-30 17:00:00,23331.479,4600.9893,16939.213,44871.6813
2025-09-30 18:00:00,22923.312,4437.038,16563.783,43924.133
2025-09-30 19:00:00,22598.852,4398.122,16183.1455,43180.1195
2025-09-30 20:00:00,22095.906,4407.198,16095.397,42598.501000000004
2025-09-30 21:00:00,22065.617,4579.256,16107.7705,42752.6435
2025-09-30 22:00:00,21819.758,4514.623,15088.01,41422.391
2025-09-30 23:00:00,21173.2,4301.382,14056.923,39531.505000000005
2025-10-01 00:00:00,20276.473,4125.473,12558.725,36960.671
2025-10-01 01:00:00,19176.467,3917.7336,11900.486,34994.6866
2025-10-01 02:00:00,18579.486,3713.4124,11342.227,33635.125400000004
2025-10-01 03:00:00,18478.88,3644.9739,11358.547,33482.4009
2025-10-01 04:00:00,18825.754,3674.5676,11820.35,34320.6716
2025-10-01 05:00:00,19126.713,3845.2634,12519.036,35491.0124
2025-10-01 06:00:00,19431.373,3932.3052,13015.082,36378.7602
2025-10-01 07:00:00,20377.852,4016.0195,13649.745,38043.6165
2025-10-01 08:00:00,20416.197,4100.0933,14539.882,39056.1723
2025-10-01 09:00:00,21122.656,4245.1353,15095.865,40463.656299999995
2025-10-01 10:00:00,21701.594,4320.1787,15101.114,41122.8867
2025-10-01 11:00:00,22201.719,4353.82,14669.967,41225.506
2025-10-01 12:00:00,22515.291,4438.3647,14938.679,41892.33470000001
2025-10-01 13:00:00,22743.787,4667.094,15927.413,43338.294
2025-10-01 14:00:00,23223.15,4835.388,16723.264,44781.801999999996
2025-10-01 15:00:00,23687.457,4764.86,17065.916,45518.233
2025-10-01 16:00:00,23639.617,4760.989,17427.895,45828.501000000004
2025-10-01 17:00:00,23503.588,4629.8813,16591.9,44725.369300000006
2025-10-01 18:00:00,23155.336,4452.825,16325.769,43933.93
2025-10-01 19:00:00,22711.629,4380.255,16122.515,43214.399000000005
2025-10-01 20:00:00,22159.33,4393.195,16056.924,42609.449
2025-10-01 21:00:00,22109.543,4547.6255,16110.176,42767.3445
2025-10-01 22:00:00,22117.686,4519.5825,15053.169,41690.4375
2025-10-01 23:00:00,21451.074,4272.5225,13876.771,39600.3675
2025-10-02 00:00:00,20347.105,4120.323,12759.572,37227.0
2025-10-02 01:00:00,19331.074,3912.2898,11845.059,35088.4228
2025-10-02 02:00:00,18955.045,3750.669,11451.663,34157.377
2025-10-02 03:00:00,18746.795,3662.6511,11592.857,34002.3031
2025-10-02 04:00:00,18846.525,3645.5854,11758.207,34250.3174
2025-10-02 05:00:00,18787.143,3787.9177,12323.19,34898.250700000004
2025-10-02 06:00:00,19488.99,3933.8845,13015.419,36438.2935
2025-10-02 07:00:00,20166.525,3988.6301,13543.85,37699.0051
2025-10-02 08:00:00,20341.184,4119.4707,14607.167,39067.8217
2025-10-02 09:00:00,20811.764,4240.342,15115.929,40168.035
2025-10-02 10:00:00,21501.525,4336.495,15139.466,40977.486000000004
2025-10-02 11:00:00,22109.303,4423.0747,15083.431,41615.8087
2025-10-02 12:00:00,22014.21,4458.4062,15152.786,41625.4022
2025-10-02 13:00:00,22471.979,4735.277,16231.988,43439.244
2025-10-02 14:00:00,22659.945,4826.183,17061.889,44548.017
2025-10-02 15:00:00,23612.535,4883.003,17673.91,46169.448000000004
2025-10-02 16:00:00,23462.318,4874.974,17841.174,46178.466
2025-10-02 17:00:00,23196.502,4699.21,17179.215,45074.926999999996
2025-10-02 18:00:00,23011.64,4525.703,16698.71,44236.053
2025-10-02 19:00:00,22650.578,4461.831,16572.355,43684.763999999996
2025-10-02 20:00:00,22278.096,4469.424,16446.73,43194.25
2025-10-02 21:00:00,21983.51,4607.4775,16480.637,43071.6245
2025-10-02 22:00:00,21948.553,4595.8403,15671.858,42216.2513
2025-10-02 23:00:00,21493.498,4361.3545,14377.244,40232.0965
2025-10-03 00:00:00,20249.955,4152.4756,13134.042,37536.4726
2025-10-03 01:00:00,19247.88,3934.6226,12219.295,35401.7976
2025-10-03 02:00:00,18948.365,3808.492,11693.971,34450.828
2025-10-03 03:00:00,18472.35,3716.0686,11694.081,33882.499599999996
2025-10-03 04:00:00,18881.127,3724.693,12100.822,34706.642
2025-10-03 05:00:00,18926.389,3819.0278,12866.716,35612.1328
2025-10-03 06:00:00,19404.617,3962.1624,13227.272,36594.0514
2025-10-03 07:00:00,20101.697,4027.741,13938.917,38068.355
2025-10-03 08:00:00,20106.475,4114.0913,14991.758,39212.3243
2025-10-03 09:00:00,20881.115,4297.7637,15597.47,40776.3487
2025-10-03 10:00:00,21676.562,4382.418,15386.211,41445.191000000006
2025-10-03 11:00:00,22197.283,4474.587,15442.289,42114.159
2025-10-03 12:00:00,22126.396,4516.335,15367.853,42010.584
2025-10-03 13:00:00,22515.525,4782.9,16583.318,43881.743
2025-10-03 14:00:00,22864.074,4915.9136,17555.06,45335.047600000005
2025-10-03 15:00:00,23388.11,4873.704,18207.215,46469.028999999995
2025-10-03 16:00:00,23456.18,4913.193,18490.936,46860.309
2025-10-03 17:00:00,22978.506,4695.6997,17714.662,45388.8677
2025-10-03 18:00:00,22851.8,4586.9155,17314.68,44753.3955
2025-10-03 19:00:00,22611.453,4489.0786,17021.512,44122.043600000005
2025-10-03 20:00:00,21990.742,4518.0947,16865.162,43373.9987
2025-10-03 21:00:00,21766.39,4647.42,16759.217,43173.027
2025-10-03 22:00:00,21656.828,4610.765,15856.634,42124.227
2025-10-03 23:00:00,21284.877,4391.2197,14732.3125,40408.4092
2025-10-04 00:00:00,20177.0,4229.7446,13347.162,37753.9066
2025-10-04 01:00:00,19021.24,3974.5525,12442.101,35437.893500000006
2025-10-04 02:00:00,18673.549,3839.0425,12334.4,34846.9915
2025-10-04 03:00:00,18267.867,3715.8901,12169.885,34153.6421
2025-10-04 04:00:00,18379.781,3713.8044,12430.218,34523.803400000004
2025-10-04 05:00:00,18702.246,3863.624,13034.333,35600.203
2025-10-04 06:00:00,18956.328,3950.771,13461.849,36368.948000000004
2025-10-04 07:00:00,19813.76,3992.2302,13775.414,37581.404200000004
2025-10-04 08:00:00,20109.795,4120.9546,14993.621,39224.370599999995
2025-10-04 09:00:00,20478.717,4257.072,15407.215,40143.004
2025-10-04 10:00:00,21183.457,4330.3447,15109.117,40622.918699999995
2025-10-04 11:00:00,21431.67,4363.1304,14893.203,40688.0034
2025-10-04 12:00:00,21580.402,4436.489,15238.118,41255.009
2025-10-04 13:00:00,21720.61,4651.2056,15907.667,42279.4826
2025-10-04 14:00:00,22281.06,4774.4785,16790.736,43846.2745
2025-10-04 15:00:00,22807.865,4786.456,17092.018,44686.33900000001
2025-10-04 16:00:00,22823.074,4789.8267,17215.934,44828.8347
2025-10-04 17:00:00,21927.127,4558.884,16297.134,42783.145
2025-10-04 18:00:00,21929.25,4405.3237,15730.128,42064.701700000005
2025-10-04 19:00:00,21186.287,4300.997,15588.038,41075.322
2025-10-04 20:00:00,21115.018,4386.4014,15482.741,40984.1604
2025-10-04 21:00:00,21053.707,4559.0474,15596.603,41209.35739999999
2025-10-04 22:00:00,20830.025,4510.129,14858.997,40199.151
2025-10-04 23:00:00,20593.988,4306.059,13979.755,38879.802
2025-10-05 00:00:00,19433.531,4088.6685,12529.624,36051.8235
2025-10-05 01:00:00,18236.709,3879.1858,11790.123,33906.0178
2025-10-05 02:00:00,17953.518,3732.6309,11526.985,33213.1339
2025-10-05 03:00:00,17740.477,3644.6826,11441.712,32826.8716
2025-10-05 04:00:00,17718.543,3621.6973,11787.189,33127.4293
2025-10-05 05:00:00,17713.234,3675.7551,11966.288,33355.2771
2025-10-05 06:00:00,18034.832,3813.5642,11846.153,33694.5492
2025-10-05 07:00:00,18082.473,3743.8853,11896.22,33722.5783
2025-10-05 08:00:00,18226.04,3826.1172,12251.906,34304.063200000004
2025-10-05 09:00:00,18238.738,3873.6199,12125.098,34237.4559
2025-10-05 10:00:00,18834.775,3913.915,11789.782,34538.472
2025-10-05 11:00:00,19137.375,3957.168,11455.949,34550.492
2025-10-05 12:00:00,19366.0,4006.0784,11801.462,35173.5404
2025-10-05 13:00:00,19467.652,4231.025,12569.473,36268.149999999994
2025-10-05 14:00:00,20239.295,4386.9536,13806.911,38433.1596
2025-10-05 15:00:00,20716.084,4401.704,14296.592,39414.380000000005
2025-10-05 16:00:00,20655.617,4414.6626,14669.821,39740.1006
2025-10-05 17:00:00,20390.742,4256.5825,14063.976,38711.3005
2025-10-05 18:00:00,20587.2,4172.3564,14012.514,38772.0704
2025-10-05 19:00:00,20412.877,4163.0024,14109.191,38685.070400000004
2025-10-05 20:00:00,20122.01,4204.831,14367.911,38694.752
2025-10-05 21:00:00,20180.84,4370.568,14318.998,38870.406
2025-10-05 22:00:00,20142.012,4351.6797,13442.316,37936.0077
2025-10-05 23:00:00,19655.46,4141.9194,12419.534,36216.9134
2025-10-06 00:00:00,18651.367,3903.7102,11014.892,33569.9692
2025-10-06 01:00:00,17397.848,3677.4868,10143.23,31218.5648
2025-10-06 02:00:00,17330.54,3583.1648,9961.473,30875.177799999998
2025-10-06 03:00:00,16855.021,3433.047,9979.121,30267.189
2025-10-06 04:00:00,17319.152,3468.659,10268.63,31056.441
2025-10-06 05:00:00,17432.361,3569.0515,10966.755,31968.167500000003
2025-10-06 06:00:00,17992.54,3702.2058,11571.429,33266.1748
2025-10-06 07:00:00,18734.387,3770.588,12282.477,34787.452
2025-10-06 08:00:00,19083.934,3864.58,13324.147,36272.66100000001
2025-10-06 09:00:00,19695.943,3971.209,13973.747,37640.899
2025-10-06 10:00:00,20397.645,4044.1624,14268.018,38709.8254
2025-10-06 11:00:00,20934.785,4092.5054,14296.647,39323.937399999995
2025-10-06 12:00:00,21029.55,4131.469,14318.395,39479.414000000004
2025-10-06 13:00:00,21553.05,4391.2246,15371.948,41316.222599999994
2025-10-06 14:00:00,22377.625,4586.7,16584.97,43549.295
2025-10-06 15:00:00,22484.467,4511.8013,16794.393,43790.6613
2025-10-06 16:00:00,22581.129,4537.4023,17314.61,44433.1413
2025-10-06 17:00:00,22318.11,4392.217,16425.887,43136.214
2025-10-06 18:00:00,22309.354,4258.257,16113.921,42681.532
2025-10-06 19:00:00,21882.654,4167.784,15826.306,41876.744
2025-10-06 20:00:00,21487.836,4236.03,15902.659,41626.524999999994
2025-10-06 21:00:00,21461.396,4377.8955,15804.589,41643.8805
2025-10-06 22:00:00,21321.691,4339.5503,14944.818,40606.05929999999
2025-10-06 23:00:00,20653.393,4148.9453,13633.165,38435.5033
2025-10-07 00:00:00,19724.293,3976.6106,12631.559,36332.4626
2025-10-07 01:00:00,18723.348,3735.2568,11515.046,33973.6508
2025-10-07 02:00:00,18538.738,3660.9966,11055.114,33254.8486
2025-10-07 03:00:00,18014.172,3577.65,11137.781,32729.603000000003
2025-10-07 04:00:00,18268.635,3611.3896,11644.331,33524.355599999995
2025-10-07 05:00:00,18410.24,3726.5637,12187.455,34324.2587
2025-10-07 06:00:00,18987.047,3858.9507,12664.588,35510.585699999996
2025-10-07 07:00:00,19799.178,3913.026,13269.696,36981.899999999994
2025-10-07 08:00:00,20087.846,4002.6438,14463.455,38553.944800000005
2025-10-07 09:00:00,20583.762,4112.73,14908.275,39604.767
2025-10-07 10:00:00,21156.662,4171.2593,14851.645,40179.566300000006
2025-10-07 11:00:00,21984.764,4249.606,14769.651,41004.021
2025-10-07 12:00:00,22053.523,4296.4253,14967.68,41317.6283
2025-10-07 13:00:00,22369.266,4546.9663,15986.072,42902.3043
2025-10-07 14:00:00,23185.537,4748.1816,16837.941,44771.6596
2025-10-07 15:00:00,23679.629,4742.717,17378.2,45800.546
2025-10-07 16:00:00,23548.445,4745.85,17483.79,45778.085
2025-10-07 17:00:00,22920.602,4567.5664,16744.242,44232.41039999999
2025-10-07 18:00:00,22644.791,4416.867,16307.888,43369.546
2025-10-07 19:00:00,22254.328,4372.961,16267.637,42894.926
2025-10-07 20:00:00,21931.195,4433.889,16162.59,42527.674
2025-10-07 21:00:00,21771.617,4574.037,15860.357,42206.011
2025-10-07 22:00:00,21772.268,4564.2344,15022.177,41358.6794
2025-10-07 23:00:00,21314.588,4350.7866,13944.593,39609.9676
2025-10-08 00:00:00,20007.102,4112.25,12543.944,36663.296
2025-10-08 01:00:00,19017.723,3900.6812,11672.486,34590.8902
2025-10-08 02:00:00,18477.738,3793.4294,11467.181,33738.3484
2025-10-08 03:00:00,18434.865,3722.381,11492.525,33649.771
2025-10-08 04:00:00,18531.023,3687.5327,11933.191,34151.7467
2025-10-08 05:00:00,19068.5,3912.495,12395.6455,35376.6405
2025-10-08 06:00:00,19606.99,4042.6501,12870.177,36519.8171
2025-10-08 07:00:00,20069.361,4042.7253,13238.67,37350.7563
2025-10-08 08:00:00,20421.443,4173.959,14390.691,38986.093
2025-10-08 09:00:00,20858.727,4250.986,14905.022,40014.735
2025-10-08 10:00:00,21489.543,4334.833,14968.535,40792.911
2025-10-08 11:00:00,22218.646,4406.6685,14851.417,41476.7315
2025-10-08 12:00:00,22243.932,4423.104,14886.774,41553.81
2025-10-08 13:00:00,22612.191,4677.9893,16104.185,43394.3653
2025-10-08 14:00:00,23166.795,4809.3125,16775.883,44751.9905
2025-10-08 15:00:00,23279.865,4772.048,17124.477,45176.39
2025-10-08 16:00:00,23322.92,4747.945,17190.635,45261.5
2025-10-08 17:00:00,22932.973,4612.291,16763.926,44309.19
2025-10-08 18:00:00,22715.057,4470.3813,16195.799,43381.2373
2025-10-08 19:00:00,22405.021,4421.712,16361.884,43188.617
2025-10-08 20:00:00,22022.697,4489.701,16166.204,42678.602
2025-10-08 21:00:00,22112.78,4642.6245,16016.353,42771.75749999999
2025-10-08 22:00:00,21904.68,4598.0464,14994.413,41497.1394
2025-10-08 23:00:00,21205.613,4296.352,13913.81,39415.775
2025-10-09 00:00:00,20090.273,4145.9946,12671.559,36907.8266
2025-10-09 01:00:00,18859.723,3916.1116,11539.921,34315.755600000004
2025-10-09 02:00:00,18679.95,3782.9712,11469.609,33932.5302
2025-10-09 03:00:00,18276.174,3683.9597,11342.13,33302.263699999996
2025-10-09 04:00:00,18773.605,3719.4553,11725.652,34218.7123
2025-10-09 05:00:00,19016.648,3925.9937,12329.292,35271.9337
2025-10-09 06:00:00,19282.973,4020.2664,12757.791,36061.0304
2025-10-09 07:00:00,20139.293,4078.3762,13394.951,37612.6202
2025-10-09 08:00:00,20305.398,4205.2925,14485.014,38995.7045
2025-10-09 09:00:00,20536.236,4317.2905,14978.716,39832.2425
2025-10-09 10:00:00,21255.203,4381.24,15040.072,40676.515
2025-10-09 11:00:00,21821.148,4435.0522,15045.415,41301.6152
2025-10-09 12:00:00,21956.826,4464.328,15181.716,41602.87
2025-10-09 13:00:00,22188.47,4704.405,16132.093,43024.968
2025-10-09 14:00:00,22790.201,4859.899,17110.287,44760.387
2025-10-09 15:00:00,23326.498,4850.5635,17570.168,45747.2295
2025-10-09 16:00:00,23334.275,4862.0625,17803.557,45999.8945
2025-10-09 17:00:00,22971.63,4664.724,17003.502,44639.856
2025-10-09 18:00:00,22738.791,4530.073,16626.62,43895.484
2025-10-09 19:00:00,22428.346,4475.4844,16496.35,43400.1804
2025-10-09 20:00:00,21792.283,4486.3525,16637.326,42915.961500000005
2025-10-09 21:00:00,21823.605,4624.916,16260.279,42708.8
2025-10-09 22:00:00,21610.684,4596.8647,15249.241,41456.7897
2025-10-09 23:00:00,20913.883,4359.1226,13968.538,39241.543600000005
2025-10-10 00:00:00,19926.2,4172.9136,12811.006,36910.1196
2025-10-10 01:00:00,18981.277,3951.648,11653.46,34586.384999999995
2025-10-10 02:00:00,18485.422,3794.551,11448.831,33728.804
2025-10-10 03:00:00,18212.979,3692.9893,11639.226,33545.1943
2025-10-10 04:00:00,18532.996,3737.7278,12150.255,34420.9788
2025-10-10 05:00:00,18791.564,3865.2517,12628.149,35284.9647
2025-10-10 06:00:00,19458.178,3984.9038,13113.712,36556.7938
2025-10-10 07:00:00,19939.436,4045.534,14013.248,37998.218
2025-10-10 08:00:00,20130.268,4160.8784,15094.878,39386.024399999995
2025-10-10 09:00:00,20541.451,4267.4272,15405.879,40214.7572
2025-10-10 10:00:00,21298.646,4354.6353,15312.599,40965.880300000004
2025-10-10 11:00:00,21804.492,4440.7637,15016.763,41262.0187
2025-10-10 12:00:00,21771.883,4413.8555,15048.436,41234.1745
2025-10-10 13:00:00,22039.566,4673.1665,16187.928,42900.6605
2025-10-10 14:00:00,22928.338,4915.495,17259.887,45103.72
2025-10-10 15:00:00,23345.268,4867.2524,17989.535,46202.0554
2025-10-10 16:00:00,23500.28,4890.5557,18127.297,46518.1327
2025-10-10 17:00:00,22992.809,4701.6104,17381.582,45076.001399999994
2025-10-10 18:00:00,22853.676,4518.022,16915.791,44287.489
2025-10-10 19:00:00,22123.71,4420.796,16701.627,43246.133
2025-10-10 20:00:00,21694.367,4420.9087,16712.291,42827.566699999996
2025-10-10 21:00:00,21737.328,4619.917,16939.316,43296.561
2025-10-10 22:00:00,21493.273,4577.7627,15774.714,41845.7497
2025-10-10 23:00:00,20831.28,4337.8477,14525.104,39694.2317
2025-10-11 00:00:00,19647.203,4151.6606,13080.104,36878.9676
2025-10-11 01:00:00,18573.252,3928.5764,12102.297,34604.1254
2025-10-11 02:00:00,18402.219,3823.5613,11663.212,33888.9923
2025-10-11 03:00:00,18116.098,3724.418,11651.851,33492.367000000006
2025-10-11 04:00:00,18447.277,3735.9956,12122.339,34305.6116
2025-10-11 05:00:00,18863.684,3941.0999,12832.915,35637.6989
2025-10-11 06:00:00,19208.58,4019.8914,13266.175,36494.6464
2025-10-11 07:00:00,19768.623,4029.986,13699.754,37498.363
2025-10-11 08:00:00,20021.867,4093.9844,14651.41,38767.2614
2025-10-11 09:00:00,20456.36,4235.6567,15227.95,39919.966700000004
2025-10-11 10:00:00,20841.01,4276.883,14811.768,39929.66099999999
2025-10-11 11:00:00,21421.832,4339.4033,14802.903,40564.1383
2025-10-11 12:00:00,21408.361,4366.1836,14744.648,40519.1926
2025-10-11 13:00:00,21766.85,4629.542,15819.706,42216.098
2025-10-11 14:00:00,22425.688,4784.139,16851.922,44061.748999999996
2025-10-11 15:00:00,23125.56,4817.3423,17259.002,45201.9043
2025-10-11 16:00:00,22779.732,4747.639,17186.639,44714.009999999995
2025-10-11 17:00:00,22385.988,4578.931,16185.743,43150.662000000004
2025-10-11 18:00:00,22096.709,4447.496,15757.241,42301.445999999996
2025-10-11 19:00:00,21574.5,4342.66,15523.068,41440.228
2025-10-11 20:00:00,20997.93,4344.84,15406.609,40749.379
2025-10-11 21:00:00,21102.355,4560.5317,15487.488,41150.3747
2025-10-11 22:00:00,21059.123,4554.611,14764.527,40378.261
2025-10-11 23:00:00,20617.438,4345.188,13646.614,38609.24
2025-10-12 00:00:00,19616.344,4201.0728,12476.972,36294.3888
2025-10-12 01:00:00,18570.188,3942.2822,11305.819,33818.2892
2025-10-12 02:00:00,18251.799,3840.9626,11252.546,33345.3076
2025-10-12 03:00:00,17917.111,3690.6401,11057.743,32665.494100000004
2025-10-12 04:00:00,18173.305,3702.454,11359.375,33235.134000000005
2025-10-12 05:00:00,18075.398,3794.767,11590.718,33460.883
2025-10-12 06:00:00,18366.402,3876.7166,11830.025,34073.143599999996
2025-10-12 07:00:00,18883.379,3845.3542,11749.247,34477.980200000005
2025-10-12 08:00:00,18682.34,3853.917,12182.193,34718.45
2025-10-12 09:00:00,18643.396,3879.3296,11779.802,34302.5276
2025-10-12 10:00:00,19003.729,3874.8984,11537.107,34415.7344
2025-10-12 11:00:00,19276.986,3907.8423,11196.453,34381.2813
2025-10-12 12:00:00,19273.99,3964.8289,11381.378,34620.1969
2025-10-12 13:00:00,19478.79,4148.973,12568.415,36196.178
2025-10-12 14:00:00,20367.475,4350.1045,13517.953,38235.5325
2025-10-12 15:00:00,20738.754,4362.704,13993.306,39094.763999999996
2025-10-12 16:00:00,20993.533,4396.7095,14370.088,39760.3305
2025-10-12 17:00:00,20745.598,4261.714,13894.403,38901.715000000004
2025-10-12 18:00:00,20953.723,4209.843,13941.939,39105.505000000005
2025-10-12 19:00:00,20648.254,4139.65,14201.941,38989.845
2025-10-12 20:00:00,20388.527,4225.0986,14337.814,38951.4396
2025-10-12 21:00:00,20326.117,4342.1313,14098.065,38766.3133
2025-10-12 22:00:00,20073.547,4314.0205,12980.652,37368.2195
2025-10-12 23:00:00,19706.723,4109.1787,12100.748,35916.6497
2025-10-13 00:00:00,18631.355,3981.319,10804.711,33417.384999999995
2025-10-13 01:00:00,17505.436,3724.5706,9999.658,31229.6646
2025-10-13 02:00:00,17401.984,3585.6458,9785.402,30773.031799999997
2025-10-13 03:00:00,17207.266,3532.42,9704.863,30444.549
2025-10-13 04:00:00,17598.824,3545.4553,10206.626,31350.905300000002
2025-10-13 05:00:00,17960.834,3673.3474,10918.227,32552.4084
2025-10-13 06:00:00,18715.57,3810.1997,11354.445,33880.2147
2025-10-13 07:00:00,19454.893,3861.4666,12267.294,35583.6536
2025-10-13 08:00:00,19812.45,3960.0156,13498.09,37270.5556
2025-10-13 09:00:00,20256.629,4044.4978,14017.07,38318.196800000005
2025-10-13 10:00:00,20860.764,4062.7751,14096.406,39019.9451
2025-10-13 11:00:00,21332.861,4128.8174,14016.991,39478.6694
2025-10-13 12:00:00,21177.334,4128.632,14108.993,39414.959
2025-10-13 13:00:00,21802.383,4427.8667,15514.636,41744.8857
2025-10-13 14:00:00,22611.396,4641.226,16504.557,43757.179000000004
2025-10-13 15:00:00,23089.49,4604.784,17124.83,44819.10400000001
2025-10-13 16:00:00,22955.2,4576.081,17179.299,44710.58
2025-10-13 17:00:00,22779.055,4422.411,16545.857,43747.323000000004
2025-10-13 18:00:00,22898.686,4327.2314,16106.373,43332.2904
2025-10-13 19:00:00,22713.266,4249.4575,16039.947,43002.6705
2025-10-13 20:00:00,21886.045,4298.8867,15867.23,42052.1617
2025-10-13 21:00:00,21910.07,4474.7607,15687.129,42071.9597
2025-10-13 22:00:00,21459.787,4398.6685,14838.251,40696.7065
2025-10-13 23:00:00,21008.48,4216.126,13810.152,39034.758
2025-10-14 00:00:00,19853.45,4024.8884,12186.631,36064.9694
2025-10-14 01:00:00,18852.018,3858.2092,11327.614,34037.8412
2025-10-14 02:00:00,18426.36,3713.9949,10845.585,32985.9399
2025-10-14 03:00:00,18386.623,3724.1404,10952.2,33062.9634
2025-10-14 04:00:00,18609.027,3755.8538,11477.85,33842.7308
2025-10-14 05:00:00,18995.033,3878.175,12100.124,34973.331999999995
2025-10-14 06:00:00,19596.184,3976.575,12471.211,36043.97
2025-10-14 07:00:00,20227.666,3996.3125,13249.519,37473.4975
2025-10-14 08:00:00,20826.693,4175.031,14343.862,39345.585999999996
2025-10-14 09:00:00,21355.547,4239.261,14889.535,40484.34299999999
2025-10-14 10:00:00,21445.475,4276.231,14791.78,40513.486
2025-10-14 11:00:00,22036.715,4315.566,14826.812,41179.093
2025-10-14 12:00:00,22156.738,4380.7134,14935.692,41473.1434
2025-10-14 13:00:00,22394.309,4582.658,16010.796,42987.763
2025-10-14 14:00:00,23213.758,4846.9653,16922.717,44983.4403
2025-10-14 15:00:00,23472.863,4797.264,17264.576,45534.703
2025-10-14 16:00:00,23693.637,4828.721,17480.527,46002.884999999995
2025-10-14 17:00:00,23255.236,4684.1665,16931.096,44870.4985
2025-10-14 18:00:00,23111.701,4549.365,16590.758,44251.824
2025-10-14 19:00:00,22761.252,4514.2114,16530.057,43805.5204
2025-10-14 20:00:00,22172.652,4555.517,16315.491,43043.659999999996
2025-10-14 21:00:00,22055.586,4697.8286,15864.509,42617.9236
2025-10-14 22:00:00,21743.3,4665.938,15088.793,41498.030999999995
2025-10-14 23:00:00,21231.139,4418.364,13844.504,39494.007
2025-10-15 00:00:00,19835.838,4202.0103,12458.913,36496.7613
2025-10-15 01:00:00,18967.77,4020.0012,11303.642,34291.413199999995
2025-10-15 02:00:00,18452.463,3837.1885,11073.23,33362.8815
2025-10-15 03:00:00,18434.455,3773.3965,11144.323,33352.1745
2025-10-15 04:00:00,18604.855,3742.7683,11461.47,33809.0933
2025-10-15 05:00:00,18890.99,3920.5103,12155.717,34967.217300000004
2025-10-15 06:00:00,19408.701,4055.242,12545.614,36009.557
2025-10-15 07:00:00,20188.816,4100.078,13334.773,37623.667
2025-10-15 08:00:00,20280.838,4192.997,14310.619,38784.454
2025-10-15 09:00:00,21028.559,4363.613,14719.8545,40112.0265
2025-10-15 10:00:00,21396.71,4370.5996,14605.443,40372.7526
2025-10-15 11:00:00,21927.445,4443.0913,14688.136,41058.6723
2025-10-15 12:00:00,22031.777,4457.8584,14661.395,41151.0304
2025-10-15 13:00:00,22222.127,4675.9683,15598.504,42496.5993
2025-10-15 14:00:00,22909.676,4817.4463,16603.443,44330.5653
2025-10-15 15:00:00,23310.451,4815.4756,17101.479,45227.4056
2025-10-15 16:00:00,23538.64,4867.617,17268.463,45674.72
2025-10-15 17:00:00,22945.457,4675.124,16704.139,44324.72
2025-10-15 18:00:00,22906.428,4591.2065,16207.571,43705.2055
2025-10-15 19:00:00,22465.082,4526.544,16069.042,43060.668
2025-10-15 20:00:00,21808.688,4533.1216,15755.775,42097.5846
2025-10-15 21:00:00,21711.314,4665.226,15677.03,42053.57
2025-10-15 22:00:00,21330.635,4579.9927,14778.685,40689.312699999995
2025-10-15 23:00:00,20724.512,4347.0137,13548.787,38620.312699999995
2025-10-16 00:00:00,19601.797,4155.223,12313.112,36070.132
2025-10-16 01:00:00,18640.062,3972.7085,11349.348,33962.118500000004
2025-10-16 02:00:00,18483.078,3881.0503,10892.068,33256.196299999996
2025-10-16 03:00:00,18108.701,3762.7935,10855.21,32726.7045
2025-10-16 04:00:00,18337.6,3725.5022,11147.873,33210.9752
2025-10-16 05:00:00,18931.555,3953.4612,11872.479,34757.495200000005
2025-10-16 06:00:00,19300.11,4060.7837,12457.889,35818.782699999996
2025-10-16 07:00:00,19726.627,4092.842,12989.195,36808.664000000004
2025-10-16 08:00:00,20049.791,4212.11,14047.653,38309.554000000004
2025-10-16 09:00:00,20454.504,4357.8647,14807.079,39619.4477
2025-10-16 10:00:00,21088.871,4427.6836,14780.81,40297.3646
2025-10-16 11:00:00,21541.742,4474.379,14817.302,40833.422999999995
2025-10-16 12:00:00,21926.23,4516.219,15083.626,41526.075
2025-10-16 13:00:00,22296.887,4762.3096,15893.266,42952.4626
2025-10-16 14:00:00,22878.861,4940.0103,16768.148,44587.0193
2025-10-16 15:00:00,23083.238,4928.5493,17419.643,45431.4303
2025-10-16 16:00:00,23090.418,4901.879,17321.736,45314.033
2025-10-16 17:00:00,22868.543,4747.687,16714.322,44330.552
2025-10-16 18:00:00,22779.195,4638.638,16476.086,43893.918999999994
2025-10-16 19:00:00,22216.664,4525.4966,16395.873,43138.0336
2025-10-16 20:00:00,21535.646,4568.368,16200.948,42304.962
2025-10-16 21:00:00,21381.07,4706.101,15900.702,41987.873
2025-10-16 22:00:00,21265.621,4645.825,14881.43,40792.876000000004
2025-10-16 23:00:00,20871.643,4425.876,13685.2295,38982.7485
2025-10-17 00:00:00,19768.46,4245.4683,12424.673,36438.6013
2025-10-17 01:00:00,18661.54,4020.5325,11684.212,34366.2845
2025-10-17 02:00:00,18520.3,3879.7483,11158.253,33558.3013
2025-10-17 03:00:00,18228.346,3783.6025,11223.439,33235.387500000004
2025-10-17 04:00:00,18289.375,3741.283,11405.8955,33436.5535
2025-10-17 05:00:00,18458.238,3884.685,11963.6875,34306.6105
2025-10-17 06:00:00,19177.12,4029.4937,12710.265,35916.8787
2025-10-17 07:00:00,19744.74,4068.2131,13409.928,37222.8811
2025-10-17 08:00:00,20251.268,4219.2974,14613.692,39084.2574
2025-10-17 09:00:00,20624.584,4321.542,15163.16,40109.286
2025-10-17 10:00:00,21211.41,4400.385,15162.782,40774.577
2025-10-17 11:00:00,21854.42,4479.008,15208.201,41541.629
2025-10-17 12:00:00,21730.895,4499.0073,15099.226,41329.128300000004
2025-10-17 13:00:00,22131.254,4741.176,16367.005,43239.435
2025-10-17 14:00:00,22738.07,4920.301,17352.436,45010.807
2025-10-17 15:00:00,23027.88,4879.419,17711.938,45619.236999999994
2025-10-17 16:00:00,23075.676,4885.057,17817.934,45778.667
2025-10-17 17:00:00,22708.078,4724.9023,17056.473,44489.45330000001
2025-10-17 18:00:00,22551.846,4579.8174,16706.748,43838.4114
2025-10-17 19:00:00,22251.709,4541.4326,16683.557,43476.6986
2025-10-17 20:00:00,21879.8,4572.9185,16689.922,43142.640499999994
2025-10-17 21:00:00,21616.363,4679.6216,16490.736,42786.7206
2025-10-17 22:00:00,21361.615,4634.6333,15232.485,41228.73330000001
2025-10-17 23:00:00,20733.23,4404.657,14174.47,39312.356999999996
2025-10-18 00:00:00,19654.037,4210.559,12684.545,36549.141
2025-10-18 01:00:00,18241.578,3961.0671,11778.146,33980.7911
2025-10-18 02:00:00,18116.107,3842.9536,11573.3,33532.3606
2025-10-18 03:00:00,17948.914,3759.7065,11444.041,33152.6615
2025-10-18 04:00:00,18309.771,3777.9182,11748.147,33835.836200000005
2025-10-18 05:00:00,18441.715,3918.8362,12275.676,34636.2272
2025-10-18 06:00:00,19077.326,4021.8684,12648.347,35747.5414
2025-10-18 07:00:00,19919.738,4073.2656,13370.739,37363.7426
2025-10-18 08:00:00,19967.344,4180.6665,14455.437,38603.4475
2025-10-18 09:00:00,20322.16,4272.558,14681.964,39276.682
2025-10-18 10:00:00,20871.055,4297.7446,14721.298,39890.0976
2025-10-18 11:00:00,21304.854,4366.683,14521.008,40192.545
2025-10-18 12:00:00,21255.732,4325.7026,14331.968,39913.4026
2025-10-18 13:00:00,21655.545,4584.4233,15253.861,41493.8293
2025-10-18 14:00:00,22363.736,4780.8022,16661.451,43805.9892
2025-10-18 15:00:00,22655.586,4768.0215,16954.357,44377.9645
2025-10-18 16:00:00,22646.2,4744.723,16813.117,44204.04
2025-10-18 17:00:00,22266.742,4624.462,15975.982,42867.186
2025-10-18 18:00:00,21962.17,4478.0107,15308.255,41748.435699999995
2025-10-18 19:00:00,21417.938,4411.0073,15295.579,41124.5243
2025-10-18 20:00:00,21160.705,4491.6787,15156.01,40808.3937
2025-10-18 21:00:00,20990.785,4590.8555,15353.321,40934.961500000005
2025-10-18 22:00:00,20955.201,4587.531,14411.427,39954.159
2025-10-18 23:00:00,20418.314,4335.299,13087.799,37841.412
2025-10-19 00:00:00,19415.586,4174.3003,12173.878,35763.764299999995
2025-10-19 01:00:00,18433.682,3957.0874,11260.035,33650.8044
2025-10-19 02:00:00,18069.947,3832.329,11015.185,32917.461
2025-10-19 03:00:00,17953.389,3766.3987,11089.173,32808.9607
2025-10-19 04:00:00,17909.32,3719.6045,11201.973,32830.8975
2025-10-19 05:00:00,17893.832,3789.9019,11398.668,33082.4019
2025-10-19 06:00:00,18499.379,3855.6704,11476.507,33831.5564
2025-10-19 07:00:00,18596.438,3803.0676,11535.616,33935.1216
2025-10-19 08:00:00,18499.55,3852.7744,11994.652,34346.9764
2025-10-19 09:00:00,18664.809,3906.4897,11977.738,34549.0367
2025-10-19 10:00:00,18845.887,3890.4543,11486.73,34223.071299999996
2025-10-19 11:00:00,19305.035,3911.641,11166.576,34383.252
2025-10-19 12:00:00,19356.73,3960.8499,11256.552,34574.1319
2025-10-19 13:00:00,19401.229,4128.3574,12296.6875,35826.2739
2025-10-19 14:00:00,20074.488,4291.44,13275.728,37641.656
2025-10-19 15:00:00,20758.879,4372.676,13865.302,38996.857
2025-10-19 16:00:00,20779.318,4377.9487,14279.577,39436.8437
2025-10-19 17:00:00,20521.326,4237.537,13587.456,38346.319
2025-10-19 18:00:00,20737.598,4205.8013,13738.699,38682.0983
2025-10-19 19:00:00,20560.574,4167.399,13961.724,38689.697
2025-10-19 20:00:00,20416.004,4259.988,14143.301,38819.293000000005
2025-10-19 21:00:00,20230.494,4444.846,14188.908,38864.24799999999
2025-10-19 22:00:00,20101.445,4360.9136,13239.174,37701.5326
2025-10-19 23:00:00,19703.973,4137.462,12077.1,35918.535
2025-10-20 00:00:00,18551.486,3948.148,10785.237,33284.871
2025-10-20 01:00:00,17503.959,3718.0913,10030.736,31252.7863
2025-10-20 02:00:00,17270.664,3592.5366,9730.273,30593.473599999998
2025-10-20 03:00:00,17053.26,3467.3992,9645.1,30165.7592
2025-10-20 04:00:00,17206.816,3466.6418,9947.187,30620.644800000002
2025-10-20 05:00:00,17642.416,3617.314,10589.042,31848.771999999997
2025-10-20 06:00:00,18435.521,3742.2788,11428.294,33606.0938
2025-10-20 07:00:00,19341.23,3812.4163,12166.391,35320.037299999996
2025-10-20 08:00:00,19682.795,3935.782,13475.781,37094.358
2025-10-20 09:00:00,20060.31,3993.0571,14032.197,38085.5641
2025-10-20 10:00:00,20712.574,4006.4573,14125.023,38844.0543
2025-10-20 11:00:00,21100.799,4053.783,14064.621,39219.202999999994
2025-10-20 12:00:00,21384.258,4134.87,14331.794,39850.922
2025-10-20 13:00:00,21529.383,4367.226,15321.14,41217.748999999996
2025-10-20 14:00:00,22115.117,4548.6543,16468.693,43132.4643
2025-10-20 15:00:00,22648.688,4547.7065,16893.246,44089.640499999994
2025-10-20 16:00:00,22835.732,4544.056,17163.174,44542.962
2025-10-20 17:00:00,22813.334,4440.8516,16382.342,43636.5276
2025-10-20 18:00:00,22803.412,4331.32,16128.435,43263.167
2025-10-20 19:00:00,22412.727,4264.488,16192.463,42869.678
2025-10-20 20:00:00,21982.156,4345.675,16083.643,42411.474
2025-10-20 21:00:00,21764.69,4466.653,15993.226,42224.569
2025-10-20 22:00:00,21656.285,4430.3633,15011.491,41098.1393
2025-10-20 23:00:00,20925.137,4152.976,13689.571,38767.683999999994
2025-10-21 00:00:00,19756.09,4007.5564,12530.175,36293.8214
2025-10-21 01:00:00,18646.889,3796.309,11343.455,33786.653
2025-10-21 02:00:00,18426.328,3672.6213,10986.674,33085.6233
2025-10-21 03:00:00,18419.06,3650.9146,11127.481,33197.4556
2025-10-21 04:00:00,18440.486,3634.1292,11478.797,33553.4122
2025-10-21 05:00:00,18807.402,3770.9475,11863.883,34442.2325
2025-10-21 06:00:00,19552.053,3945.193,12531.285,36028.531
2025-10-21 07:00:00,20271.104,3947.377,13163.963,37382.444
2025-10-21 08:00:00,20472.92,4047.341,14438.368,38958.629
2025-10-21 09:00:00,21071.375,4176.775,14915.268,40163.418000000005
2025-10-21 10:00:00,21749.96,4227.056,14911.939,40888.955
2025-10-21 11:00:00,22250.059,4296.0913,15003.671,41549.8213
2025-10-21 12:00:00,22239.826,4312.426,14922.55,41474.801999999996
2025-10-21 13:00:00,22407.691,4528.623,15971.519,42907.833
2025-10-21 14:00:00,23134.512,4731.48,16957.053,44823.045
2025-10-21 15:00:00,23643.96,4765.0483,17267.225,45676.2333
2025-10-21 16:00:00,23889.982,4789.5015,17567.012,46246.495500000005
2025-10-21 17:00:00,23353.29,4670.431,16981.342,45005.063
2025-10-21 18:00:00,23380.63,4580.2734,16619.518,44580.42140000001
2025-10-21 19:00:00,23015.94,4532.0947,16491.498,44039.532699999996
2025-10-21 20:00:00,22499.092,4567.8496,16361.594,43428.535599999996
2025-10-21 21:00:00,22072.533,4651.023,16208.755,42932.311
2025-10-21 22:00:00,21569.469,4568.7554,15063.152,41201.3764
2025-10-21 23:00:00,21215.607,4351.4634,13852.502,39419.572400000005
2025-10-22 00:00:00,20084.09,4128.7637,12528.195,36741.0487
2025-10-22 01:00:00,18865.107,3931.2866,11598.869,34395.2626
2025-10-22 02:00:00,18614.58,3806.3726,11100.58,33521.5326
2025-10-22 03:00:00,18447.7,3736.591,11238.925,33423.216
2025-10-22 04:00:00,18576.564,3745.7437,11551.708,33874.015699999996
2025-10-22 05:00:00,19082.057,3931.9287,12057.896,35071.8817
2025-10-22 06:00:00,19571.451,4002.981,12436.942,36011.373999999996
2025-10-22 07:00:00,20365.984,4073.4736,12973.202,37412.6596
2025-10-22 08:00:00,20691.127,4218.7563,14155.417,39065.3003
2025-10-22 09:00:00,21353.736,4330.3477,14782.385,40466.468700000005
2025-10-22 10:00:00,21706.71,4340.7407,14685.42,40732.8707
2025-10-22 11:00:00,22007.95,4363.2705,14291.345,40662.5655
2025-10-22 12:00:00,22228.383,4413.5703,14533.8545,41175.8078
2025-10-22 13:00:00,22405.54,4646.7017,15648.686,42700.9277
2025-10-22 14:00:00,22939.648,4800.631,16806.281,44546.56
2025-10-22 15:00:00,23577.598,4821.1035,17092.652,45491.3535
2025-10-22 16:00:00,23675.705,4862.542,17337.855,45876.102
2025-10-22 17:00:00,23380.22,4751.5645,16731.871,44863.6555
2025-10-22 18:00:00,23504.006,4666.344,16611.957,44782.307
2025-10-22 19:00:00,23135.318,4583.2153,16599.457,44317.9903
2025-10-22 20:00:00,22379.197,4605.762,16353.925,43338.884
2025-10-22 21:00:00,22060.22,4713.2227,16294.138,43067.5807
2025-10-22 22:00:00,21650.36,4605.2427,15061.756,41317.3587
2025-10-22 23:00:00,21218.064,4351.309,14022.201,39591.574
2025-10-23 00:00:00,19803.207,4132.768,12498.644,36434.619
2025-10-23 01:00:00,18865.936,3948.8298,11491.628,34306.393800000005
2025-10-23 02:00:00,18494.414,3795.1326,11165.274,33454.8206
2025-10-23 03:00:00,18060.19,3716.4492,11075.515,32852.1542
2025-10-23 04:00:00,18529.477,3732.969,11628.348,33890.794
2025-10-23 05:00:00,18709.312,3871.781,12200.519,34781.612
2025-10-23 06:00:00,19423.402,4032.2434,12913.278,36368.9234
2025-10-23 07:00:00,20181.057,4124.535,13371.932,37677.524000000005
2025-10-23 08:00:00,20363.498,4184.0347,14572.775,39120.3077
2025-10-23 09:00:00,20676.992,4324.563,15103.347,40104.902
2025-10-23 10:00:00,21205.145,4351.41,14929.469,40486.024
2025-10-23 11:00:00,21778.082,4419.288,15095.072,41292.441999999995
2025-10-23 12:00:00,21715.63,4447.668,15225.75,41389.048
2025-10-23 13:00:00,22048.6,4697.9536,16342.625,43089.1786
2025-10-23 14:00:00,22689.408,4868.95,17264.627,44822.985
2025-10-23 15:00:00,23029.102,4853.5854,17527.16,45409.8474
2025-10-23 16:00:00,23061.71,4891.049,17900.299,45853.058
2025-10-23 17:00:00,22971.674,4748.066,17217.068,44936.808
2025-10-23 18:00:00,22861.404,4612.013,16890.982,44364.399
2025-10-23 19:00:00,22682.586,4553.958,16933.447,44169.990999999995
2025-10-23 20:00:00,22216.203,4601.898,16896.871,43714.972
2025-10-23 21:00:00,22019.986,4751.7646,16744.1,43515.8506
2025-10-23 22:00:00,21731.63,4663.283,15791.387,42186.3
2025-10-23 23:00:00,21046.06,4407.8203,14435.293,39889.1733
2025-10-24 00:00:00,19815.318,4197.8306,13045.083,37058.2316
2025-10-24 01:00:00,18811.992,3967.2358,12174.312,34953.5398
2025-10-24 02:00:00,18575.98,3818.337,11711.314,34105.631
2025-10-24 03:00:00,18290.463,3737.9648,11712.788,33741.215800000005
2025-10-24 04:00:00,18533.717,3729.3108,12147.214,34410.2418
2025-10-24 05:00:00,18656.637,3891.784,12886.365,35434.786
2025-10-24 06:00:00,19405.543,3989.9065,13487.274,36882.7235
2025-10-24 07:00:00,19986.67,4012.9475,14135.615,38135.2325
2025-10-24 08:00:00,20376.393,4198.6587,14988.301,39563.3527
2025-10-24 09:00:00,20669.13,4254.1245,15504.969,40428.2235
2025-10-24 10:00:00,21189.174,4327.0522,15577.911,41094.1372
2025-10-24 11:00:00,21675.438,4413.104,15688.501,41777.043
2025-10-24 12:00:00,21894.162,4495.574,15728.038,42117.774000000005
2025-10-24 13:00:00,21917.516,4637.1055,16667.434,43222.0555
2025-10-24 14:00:00,22533.13,4845.0107,17826.117,45204.2577
2025-10-24 15:00:00,23274.385,4858.513,18345.154,46478.051999999996
2025-10-24 16:00:00,23278.447,4869.072,18506.34,46653.859
2025-10-24 17:00:00,23134.559,4750.7236,17744.0,45629.282600000006
2025-10-24 18:00:00,23067.389,4622.6206,17435.453,45125.4626
2025-10-24 19:00:00,22559.652,4557.9277,17450.008,44567.587700000004
2025-10-24 20:00:00,22286.422,4605.4624,17574.375,44466.259399999995
2025-10-24 21:00:00,21973.65,4710.451,17603.771,44287.872
2025-10-24 22:00:00,21513.637,4614.691,16389.965,42518.293
2025-10-24 23:00:00,20746.402,4390.61,15180.884,40317.896
2025-10-25 00:00:00,19654.291,4169.9478,13682.049,37506.2878
2025-10-25 01:00:00,18531.42,3958.2551,12703.581,35193.2561
2025-10-25 02:00:00,18324.314,3852.8743,12517.194,34694.3823
2025-10-25 03:00:00,18135.562,3753.9792,12331.542,34221.0832
2025-10-25 04:00:00,18484.756,3796.1497,13109.494,35390.3997
2025-10-25 05:00:00,18917.436,3928.4622,13410.358,36256.2562
2025-10-25 06:00:00,19169.992,3993.3867,13765.247,36928.6257
2025-10-25 07:00:00,20074.979,4055.0974,14301.267,38431.3434
2025-10-25 08:00:00,20322.59,4187.8936,15508.411,40018.8946
2025-10-25 09:00:00,20582.531,4255.5522,15792.946,40631.029200000004
2025-10-25 10:00:00,21120.594,4253.368,15624.329,40998.291
2025-10-25 11:00:00,21350.123,4282.033,15355.249,40987.405
2025-10-25 12:00:00,21384.473,4323.9717,15443.977,41152.4217
2025-10-25 13:00:00,21730.32,4562.9717,16412.484,42705.7757
2025-10-25 14:00:00,22177.139,4705.957,17329.258,44212.354
2025-10-25 15:00:00,22862.842,4722.5835,17770.28,45355.7055
2025-10-25 16:00:00,22871.42,4757.511,17767.598,45396.528999999995
2025-10-25 17:00:00,22338.787,4570.8765,17032.523,43942.1865
2025-10-25 18:00:00,22172.385,4454.6064,16552.768,43179.759399999995
2025-10-25 19:00:00,21903.059,4427.7554,16575.55,42906.364400000006
2025-10-25 20:00:00,21564.732,4458.9834,16545.734,42569.4494
2025-10-25 21:00:00,21179.557,4563.457,16489.45,42232.46400000001
2025-10-25 22:00:00,21040.254,4549.8003,15567.487,41157.5413
2025-10-25 23:00:00,20465.484,4297.511,14380.576,39143.571
2025-10-26 00:00:00,19243.62,4074.3792,12894.688,36212.6872
2025-10-26 01:00:00,18296.488,3919.5935,12067.808,34283.889500000005
2025-10-26 02:00:00,17897.389,3774.4988,11504.869,33176.7568
2025-10-26 03:00:00,17783.596,3704.924,11784.852,33273.372
2025-10-26 04:00:00,17902.475,3681.3865,12005.683,33589.5445
2025-10-26 05:00:00,18120.906,3763.707,12293.51,34178.123
2025-10-26 06:00:00,18494.416,3860.9973,12381.466,34736.8793
2025-10-26 07:00:00,18900.227,3857.9407,12485.81,35243.977699999996
2025-10-26 08:00:00,18686.812,3857.7078,12837.191,35381.7108
2025-10-26 09:00:00,18676.326,3882.3118,12597.355,35155.9928
2025-10-26 10:00:00,18799.059,3867.801,12281.3545,34948.2145
2025-10-26 11:00:00,19179.766,3838.9282,11995.518,35014.212199999994
2025-10-26 12:00:00,19029.016,3877.1902,11972.537,34878.7432
2025-10-26 13:00:00,19340.154,4114.111,13118.989,36573.254
2025-10-26 14:00:00,19947.564,4251.444,14091.466,38290.474
2025-10-26 15:00:00,20302.535,4259.1157,14550.792,39112.4427
2025-10-26 16:00:00,20708.705,4332.9194,14782.389,39824.013399999996
2025-10-26 17:00:00,20669.143,4260.8384,14703.088,39633.0694
2025-10-26 18:00:00,20846.693,4202.7715,14551.307,39600.7715
2025-10-26 19:00:00,20723.691,4172.002,14981.314,39877.007
2025-10-26 20:00:00,20302.297,4171.393,15166.317,39640.007
2025-10-26 21:00:00,20073.621,4293.077,15283.551,39650.248999999996
2025-10-26 22:00:00,19812.71,4264.8403,14172.059,38249.6093
2025-10-26 23:00:00,19268.986,4012.7346,12968.847,36250.5676
2025-10-27 00:00:00,17908.193,3730.5725,11474.413,33113.1785
2025-10-27 01:00:00,17321.24,3630.6052,10587.048,31538.893200000006
2025-10-27 02:00:00,16881.783,3459.3977,10438.301,30779.4817
2025-10-27 03:00:00,16826.918,3437.9536,10569.383,30834.2546
2025-10-27 04:00:00,17357.95,3444.6716,11024.358,31826.979600000002
2025-10-27 05:00:00,17629.701,3578.799,11694.736,32903.236000000004
2025-10-27 06:00:00,18333.799,3706.1113,12185.707,34225.6173
2025-10-27 07:00:00,19029.756,3754.975,13082.233,35866.964
2025-10-27 08:00:00,19402.387,3863.8276,14056.503,37322.7176
2025-10-27 09:00:00,19734.127,3965.8281,14659.304,38359.259099999996
2025-10-27 10:00:00,20563.828,3997.9597,14809.292,39371.0797
2025-10-27 11:00:00,20885.562,4014.23,14790.206,39689.998
2025-10-27 12:00:00,20868.434,4064.1743,14912.496,39845.1043
2025-10-27 13:00:00,21304.996,4328.744,16158.119,41791.859
2025-10-27 14:00:00,21894.215,4510.057,17198.072,43602.344
2025-10-27 15:00:00,22569.44,4506.8516,17667.744,44744.035599999996
2025-10-27 16:00:00,22709.799,4558.4736,17866.037,45134.3096
2025-10-27 17:00:00,22610.754,4442.9834,17403.162,44456.8994
2025-10-27 18:00:00,22541.111,4293.1807,17173.316,44007.6077
2025-10-27 19:00:00,22310.355,4284.157,17119.908,43714.42
2025-10-27 20:00:00,21733.768,4306.8306,17068.812,43109.4106
2025-10-27 21:00:00,21356.03,4435.996,16914.16,42706.186
2025-10-27 22:00:00,21019.666,4343.623,15750.581,41113.87
2025-10-27 23:00:00,20603.346,4131.349,14382.319,39117.013999999996
2025-10-28 00:00:00,19327.57,3921.3972,12975.764,36224.731199999995
2025-10-28 01:00:00,18392.488,3766.1543,12259.675,34418.317299999995
2025-10-28 02:00:00,18084.988,3633.509,11843.017,33561.514
2025-10-28 03:00:00,18000.484,3582.8125,12108.194,33691.4905
2025-10-28 04:00:00,18294.389,3642.7305,12417.194,34354.313500000004
2025-10-28 05:00:00,18585.385,3804.2832,13017.261,35406.9292
2025-10-28 06:00:00,19220.803,3906.3354,13587.778,36714.9164
2025-10-28 07:00:00,20214.582,3964.1003,14210.106,38388.7883
2025-10-28 08:00:00,20284.36,4072.3357,15222.768,39579.4637
2025-10-28 09:00:00,20824.924,4147.421,15746.949,40719.294
2025-10-28 10:00:00,21232.139,4174.4736,15590.41,40997.0226
2025-10-28 11:00:00,21412.035,4213.7617,15414.92,41040.7167
2025-10-28 12:00:00,21622.574,4249.396,15628.728,41500.698000000004
2025-10-28 13:00:00,21726.25,4470.758,16513.895,42710.903000000006
2025-10-28 14:00:00,22531.297,4693.4424,17690.355,44915.0944
2025-10-28 15:00:00,23000.13,4704.3755,17867.584,45572.0895
2025-10-28 16:00:00,23092.172,4718.5566,18175.178,45985.9066
2025-10-28 17:00:00,22850.348,4635.582,17697.107,45183.037
2025-10-28 18:00:00,22759.84,4560.451,17425.586,44745.877
2025-10-28 19:00:00,22457.46,4492.5405,17351.305,44301.3055
2025-10-28 20:00:00,21845.334,4475.865,17185.887,43507.085999999996
2025-10-28 21:00:00,21701.44,4618.724,17067.107,43387.27099999999
2025-10-28 22:00:00,21297.49,4532.5967,15839.332,41669.4187
2025-10-28 23:00:00,20572.488,4281.2,14711.131,39564.819
2025-10-29 00:00:00,19538.176,4122.015,13306.085,36966.276
2025-10-29 01:00:00,18820.781,3959.8206,12491.304,35271.9056
2025-10-29 02:00:00,18164.008,3763.7114,11920.67,33848.3894
2025-10-29 03:00:00,17827.166,3663.7422,11804.035,33294.9432
2025-10-29 04:00:00,18378.773,3723.4478,12325.564,34427.7848
2025-10-29 05:00:00,18432.32,3858.6191,12946.053,35236.9921
2025-10-29 06:00:00,18757.719,3910.416,13211.139,35879.274000000005
2025-10-29 07:00:00,19528.062,4011.1975,13979.681,37518.9405
2025-10-29 08:00:00,19848.541,4133.246,14952.487,38934.274
2025-10-29 09:00:00,20088.047,4216.3403,15281.356,39585.7433
2025-10-29 10:00:00,20907.139,4299.0176,15309.002,40515.158599999995
2025-10-29 11:00:00,21350.03,4348.188,15218.865,40917.083
2025-10-29 12:00:00,21493.36,4372.302,15487.054,41352.716
2025-10-29 13:00:00,21921.393,4602.634,16397.426,42921.453
2025-10-29 14:00:00,22413.32,4729.2183,17093.852,44236.3903
2025-10-29 15:00:00,23095.1,4787.7944,17763.69,45646.58439999999
2025-10-29 16:00:00,22881.707,4750.9185,17835.541,45468.1665
2025-10-29 17:00:00,22648.246,4627.4033,17307.094,44582.7433
2025-10-29 18:00:00,22492.549,4521.059,16991.262,44004.869999999995
2025-10-29 19:00:00,22102.814,4464.5728,16912.053,43479.4398
2025-10-29 20:00:00,21609.303,4461.652,16949.355,43020.31
2025-10-29 21:00:00,21352.215,4563.466,16887.336,42803.017
2025-10-29 22:00:00,21071.414,4485.5195,15645.142,41202.0755
2025-10-29 23:00:00,20507.355,4276.74,14408.542,39192.637
2025-10-30 00:00:00,19521.826,4102.9707,13195.318,36820.1147
2025-10-30 01:00:00,18482.312,3881.8718,12130.311,34494.4948
2025-10-30 02:00:00,17908.787,3729.7708,11599.443,33238.000799999994
2025-10-30 03:00:00,17692.977,3630.9268,11589.552,32913.455799999996
2025-10-30 04:00:00,17879.52,3634.058,11784.244,33297.822
2025-10-30 05:00:00,18318.523,3793.1257,12549.349,34660.9977
2025-10-30 06:00:00,18782.996,3925.4956,13236.676,35945.1676
2025-10-30 07:00:00,19387.857,3968.7576,13845.033,37201.6476
2025-10-30 08:00:00,19749.025,4161.497,14903.7,38814.222
2025-10-30 09:00:00,20280.35,4256.384,15402.066,39938.799999999996
2025-10-30 10:00:00,20840.47,4336.501,15526.797,40703.768000000004
2025-10-30 11:00:00,21161.133,4355.924,15308.155,40825.212
2025-10-30 12:00:00,21469.016,4435.2686,15475.637,41379.9216
2025-10-30 13:00:00,21796.184,4650.9775,16546.625,42993.7865
2025-10-30 14:00:00,22237.988,4796.783,17354.418,44389.189
2025-10-30 15:00:00,22917.414,4863.7676,17771.037,45552.2186
2025-10-30 16:00:00,23133.61,4914.438,18037.191,46085.239
2025-10-30 17:00:00,22598.387,4722.493,17460.707,44781.587
2025-10-30 18:00:00,22315.21,4575.496,17134.65,44025.356
2025-10-30 19:00:00,21956.074,4474.6226,16802.994,43233.6906
2025-10-30 20:00:00,21392.826,4462.415,16923.979,42779.22
2025-10-30 21:00:00,21338.156,4592.2085,16790.12,42720.4845
2025-10-30 22:00:00,20864.2,4507.802,15737.957,41109.959
2025-10-30 23:00:00,20366.73,4265.804,14727.902,39360.436
2025-10-31 00:00:00,19269.701,4088.9832,13149.072,36507.7562
2025-10-31 01:00:00,18317.762,3898.7175,12250.904,34467.383499999996
2025-10-31 02:00:00,17855.125,3717.751,11730.237,33303.113
2025-10-31 03:00:00,17782.295,3653.7776,11656.8125,33092.8851
2025-10-31 04:00:00,18141.645,3660.081,12021.81,33823.536
2025-10-31 05:00:00,18504.322,3840.7078,12845.553,35190.582800000004
2025-10-31 06:00:00,18843.904,3918.9724,13382.572,36145.448399999994
2025-10-31 07:00:00,19524.885,4001.8174,14357.145,37883.8474
2025-10-31 08:00:00,19902.938,4136.2583,15399.746,39438.942299999995
2025-10-31 09:00:00,20106.006,4204.777,15725.336,40036.119000000006
2025-10-31 10:00:00,20681.684,4278.7705,15620.271,40580.7255
2025-10-31 11:00:00,21151.74,4345.7305,15420.926,40918.3965
2025-10-31 12:00:00,21439.357,4442.6885,15733.49,41615.5355
2025-10-31 13:00:00,21519.107,4629.091,16665.73,42813.928
2025-10-31 14:00:00,22399.184,4820.282,17510.402,44729.868
2025-10-31 15:00:00,22903.758,4841.4595,18025.043,45770.260500000004
2025-10-31 16:00:00,22909.883,4845.04,18327.266,46082.189
2025-10-31 17:00:00,22674.955,4704.322,17694.283,45073.56
2025-10-31 18:00:00,22475.957,4530.5225,17381.928,44388.4075
2025-10-31 19:00:00,22091.32,4482.6826,17175.488,43749.490600000005
2025-10-31 20:00:00,21646.41,4501.4917,17411.566,43559.467699999994
2025-10-31 21:00:00,21408.598,4577.2876,17262.16,43248.0456
2025-10-31 22:00:00,21115.258,4549.486,16269.836,41934.58
2025-10-31 23:00:00,20331.043,4287.092,15072.277,39690.412000000004
2025-11-01 00:00:00,19550.857,4172.578,13769.65,37493.085
2025-11-01 01:00:00,18599.555,3953.059,12755.035,35307.649000000005
2025-11-01 02:00:00,18386.113,3850.6975,12199.336,34436.1465
2025-11-01 03:00:00,18149.246,3761.3992,12286.785,34197.4302
2025-11-01 04:00:00,18246.613,3757.813,12341.645,34346.070999999996
2025-11-01 05:00:00,18454.25,3897.3113,12960.535,35312.096300000005
2025-11-01 06:00:00,18940.61,4001.798,13492.451,36434.859
2025-11-01 07:00:00,19652.916,4044.8948,14093.457,37791.2678
2025-11-01 08:00:00,19990.285,4178.29,15105.678,39274.253
2025-11-01 09:00:00,19958.777,4188.6694,15232.185,39379.6314
2025-11-01 10:00:00,20379.639,4230.257,15043.996,39653.892
2025-11-01 11:00:00,20803.264,4271.134,14958.176,40032.574
2025-11-01 12:00:00,20890.568,4298.173,14974.618,40163.359
2025-11-01 13:00:00,21256.516,4551.0107,15882.597,41690.1237
2025-11-01 14:00:00,21785.994,4679.155,16667.932,43133.081
2025-11-01 15:00:00,22590.65,4790.354,17393.594,44774.598
2025-11-01 16:00:00,22342.83,4735.456,17408.646,44486.932
2025-11-01 17:00:00,22038.512,4595.237,16588.77,43222.519
2025-11-01 18:00:00,21615.775,4419.2544,16002.55,42037.5794
2025-11-01 19:00:00,21417.338,4388.017,16079.181,41884.536
2025-11-01 20:00:00,21033.564,4397.9946,16125.657,41557.215599999996
2025-11-01 21:00:00,20627.121,4501.8813,16046.47,41175.4723
2025-11-01 22:00:00,20604.57,4461.049,15334.6045,40400.2235
2025-11-01 23:00:00,20052.06,4261.1343,14435.528,38748.7223
2025-11-02 00:00:00,19094.168,4092.6057,12969.871,36156.644700000004
2025-11-02 01:00:00,18080.176,3894.5146,11902.936,33877.626599999996
2025-11-02 02:00:00,17847.281,3807.5515,11686.481,33341.313500000004
2025-11-02 03:00:00,17472.846,3684.4712,11244.907,32402.2242
2025-11-02 04:00:00,17582.63,3669.805,11716.853,32969.288
2025-11-02 05:00:00,17752.26,3780.368,12067.91,33600.538
2025-11-02 06:00:00,17730.57,3820.2717,12003.075,33553.9167
2025-11-02 07:00:00,18208.383,3786.8704,12220.778,34216.0314
2025-11-02 08:00:00,18062.203,3827.278,12554.614,34444.095
2025-11-02 09:00:00,18096.092,3826.8538,12207.081,34130.0268
2025-11-02 10:00:00,18335.586,3818.8364,11596.887,33751.3094
2025-11-02 11:00:00,18711.145,3848.936,11406.007,33966.088
2025-11-02 12:00:00,18505.459,3830.0137,11429.202,33764.674699999996
2025-11-02 13:00:00,18935.953,4108.4287,12717.918,35762.2997
2025-11-02 14:00:00,19702.576,4292.7935,13652.5,37647.8695
2025-11-02 15:00:00,20283.398,4313.6943,14191.556,38788.6483
2025-11-02 16:00:00,20401.074,4357.646,14630.844,39389.564
2025-11-02 17:00:00,20304.24,4243.1953,14213.996,38761.4313
2025-11-02 18:00:00,20280.734,4160.5425,14067.475,38508.7515
2025-11-02 19:00:00,20304.787,4148.905,14498.279,38951.971
2025-11-02 20:00:00,20080.574,4220.272,14650.972,38951.818
2025-11-02 21:00:00,19768.879,4306.6045,14558.485,38633.9685
2025-11-02 22:00:00,19514.303,4236.378,13636.025,37386.706
2025-11-02 23:00:00,19072.04,4040.4739,12342.247,35454.7609
2025-11-03 00:00:00,18073.277,3860.247,11300.613,33234.136999999995
2025-11-03 01:00:00,17082.492,3677.275,10157.962,30917.729
2025-11-03 02:00:00,16978.021,3552.0298,9921.694,30451.7448
2025-11-03 03:00:00,16667.055,3452.4004,9753.274,29872.729399999997
2025-11-03 04:00:00,16986.041,3450.4714,10361.759,30798.271399999998
2025-11-03 05:00:00,17677.508,3678.5454,11143.538,32499.5914
2025-11-03 06:00:00,18104.332,3756.2947,11791.747,33652.3737
2025-11-03 07:00:00,18909.678,3779.7888,12468.328,35157.794799999996
2025-11-03 08:00:00,19430.996,3922.0532,13797.3125,37150.361699999994
2025-11-03 09:00:00,19781.166,3974.591,14347.593,38103.350000000006
2025-11-03 10:00:00,20495.334,4035.2783,14322.19,38852.8023
2025-11-03 11:00:00,20924.904,4080.4263,14416.126,39421.4563
2025-11-03 12:00:00,21071.266,4115.617,14675.641,39862.524000000005
2025-11-03 13:00:00,21135.139,4339.96,15580.457,41055.556
2025-11-03 14:00:00,21938.459,4547.4727,16446.447,42932.3787
2025-11-03 15:00:00,22725.51,4605.577,17232.283,44563.369999999995
2025-11-03 16:00:00,23039.979,4629.395,17332.098,45001.472
2025-11-03 17:00:00,22535.547,4438.6753,16655.404,43629.626299999996
2025-11-03 18:00:00,22470.436,4330.9697,16321.064,43122.4697
2025-11-03 19:00:00,21937.055,4224.074,16345.1875,42506.3165
2025-11-03 20:00:00,21776.7,4276.0093,16442.29,42494.9993
2025-11-03 21:00:00,21687.088,4448.774,16318.651,42454.513
2025-11-03 22:00:00,21264.13,4375.18,15174.681,40813.991
2025-11-03 23:00:00,20748.637,4150.5938,14129.246,39028.4768
2025-11-04 00:00:00,19489.21,3971.9714,12562.007,36023.1884
2025-11-04 01:00:00,18500.908,3780.0996,11575.613,33856.6206
2025-11-04 02:00:00,18317.41,3707.5679,11496.583,33521.5609
2025-11-04 03:00:00,18369.643,3662.131,11192.996,33224.770000000004
2025-11-04 04:00:00,18447.412,3670.2417,11631.212,33748.865699999995
2025-11-04 05:00:00,18755.316,3831.872,12233.754,34820.941999999995
2025-11-04 06:00:00,19317.385,3968.9226,12904.17,36190.4776
2025-11-04 07:00:00,20015.115,4003.6372,13541.46,37560.2122
2025-11-04 08:00:00,20490.771,4167.251,14634.847,39292.869
2025-11-04 09:00:00,20878.54,4250.888,15064.253,40193.681
2025-11-04 10:00:00,21579.596,4260.836,15059.1,40899.532
2025-11-04 11:00:00,21892.387,4307.6816,14903.848,41103.9166
2025-11-04 12:00:00,22151.09,4378.4746,15201.183,41730.7476
2025-11-04 13:00:00,22456.58,4636.04,16171.044,43263.664000000004
2025-11-04 14:00:00,23136.494,4812.9546,16982.84,44932.2886
2025-11-04 15:00:00,23858.967,4876.614,17550.922,46286.503
2025-11-04 16:00:00,23735.146,4859.4834,17752.473,46347.1024
2025-11-04 17:00:00,23451.629,4730.213,17022.146,45203.988
2025-11-04 18:00:00,23091.127,4588.755,16655.424,44335.306
2025-11-04 19:00:00,22758.678,4538.2993,16618.605,43915.582299999995
2025-11-04 20:00:00,22304.354,4552.9536,16795.152,43652.4596
2025-11-04 21:00:00,22252.404,4718.762,16450.59,43421.755999999994
2025-11-04 22:00:00,21822.236,4637.2,15526.64,41986.076
2025-11-04 23:00:00,21240.672,4405.6343,14330.425,39976.7313
2025-11-05 00:00:00,20194.613,4220.3267,12959.652,37374.591700000004
2025-11-05 01:00:00,19031.854,3977.1357,11901.752,34910.7417
2025-11-05 02:00:00,18944.037,3897.3035,11499.271,34340.6115
2025-11-05 03:00:00,18581.023,3801.572,11278.486,33661.081000000006
2025-11-05 04:00:00,19000.84,3859.5884,11773.632,34634.0604
2025-11-05 05:00:00,19294.523,4002.8025,12430.625,35727.9505
2025-11-05 06:00:00,19699.236,4119.5454,13060.099,36878.8804
2025-11-05 07:00:00,20477.98,4192.8555,13597.236,38268.071500000005
2025-11-05 08:00:00,20651.34,4277.4185,14577.775,39506.5335
2025-11-05 09:00:00,21051.205,4344.946,14864.544,40260.695
2025-11-05 10:00:00,21701.32,4415.504,15049.944,41166.768
2025-11-05 11:00:00,22131.893,4443.9497,14866.673,41442.5157
2025-11-05 12:00:00,22294.955,4498.5186,15052.461,41845.9346
2025-11-05 13:00:00,22607.602,4711.456,16138.629,43457.687
2025-11-05 14:00:00,23333.117,4904.043,17019.783,45256.943
2025-11-05 15:00:00,23742.068,4903.328,17280.752,45926.148
2025-11-05 16:00:00,23915.266,4941.1865,17504.018,46360.470499999996
2025-11-05 17:00:00,23363.977,4728.4854,16709.56,44802.0224
2025-11-05 18:00:00,23373.555,4685.1143,16443.475,44502.1443
2025-11-05 19:00:00,22763.996,4576.552,16462.441,43802.989
2025-11-05 20:00:00,22405.738,4605.4517,16456.145,43467.33470000001
2025-11-05 21:00:00,22188.74,4694.8936,16458.766,43342.399600000004
2025-11-05 22:00:00,21814.248,4628.249,15486.147,41928.644
2025-11-05 23:00:00,21277.56,4380.761,14190.148,39848.469000000005
2025-11-06 00:00:00,20145.215,4200.8667,12913.193,37259.274699999994
2025-11-06 01:00:00,19216.041,3978.4187,11719.255,34913.7147
2025-11-06 02:00:00,19139.623,3915.9146,11513.072,34568.609599999996
2025-11-06 03:00:00,18789.37,3820.2756,11242.0,33851.6456
2025-11-06 04:00:00,18887.516,3803.2612,11698.653,34389.4302
2025-11-06 05:00:00,19105.588,3965.0466,12244.322,35314.956600000005
2025-11-06 06:00:00,19621.756,4065.9792,12905.583,36593.3182
2025-11-06 07:00:00,20380.443,4146.108,13481.373,38007.924
2025-11-06 08:00:00,20666.271,4268.597,14545.269,39480.137
2025-11-06 09:00:00,21078.88,4366.6816,15107.363,40552.9246
2025-11-06 10:00:00,21541.916,4397.3784,15043.684,40982.9784
2025-11-06 11:00:00,22088.227,4452.8086,14864.36,41405.3956
2025-11-06 12:00:00,22186.105,4502.707,15205.878,41894.69
2025-11-06 13:00:00,22403.988,4731.2705,16358.091,43493.3495
2025-11-06 14:00:00,23192.113,4929.5107,17030.47,45152.0937
2025-11-06 15:00:00,23759.64,4989.983,17509.625,46259.248
2025-11-06 16:00:00,23837.678,4994.2876,17685.479,46517.4446
2025-11-06 17:00:00,23227.055,4788.9766,17064.28,45080.3116
2025-11-06 18:00:00,22876.71,4630.857,16673.594,44181.161
2025-11-06 19:00:00,22579.04,4575.3857,16744.947,43899.3727
2025-11-06 20:00:00,22214.648,4581.3066,16781.635,43577.5896
2025-11-06 21:00:00,22079.346,4683.112,16564.045,43326.503
2025-11-06 22:00:00,21883.586,4623.1865,15720.172,42226.9445
2025-11-06 23:00:00,21137.623,4388.4927,14486.685,40012.8007
2025-11-07 00:00:00,20022.068,4192.947,12837.986,37053.001000000004
2025-11-07 01:00:00,19111.982,3984.4216,11810.504,34906.907600000006
2025-11-07 02:00:00,18907.52,3866.8906,11583.601,34358.0116
2025-11-07 03:00:00,18600.676,3787.1938,11493.445,33881.3148
2025-11-07 04:00:00,18912.916,3814.1028,11787.353,34514.3718
2025-11-07 05:00:00,19151.89,3981.4543,12536.081,35669.4253
2025-11-07 06:00:00,19593.082,4064.9753,12913.929,36571.986300000004
2025-11-07 07:00:00,20287.768,4118.978,13725.725,38132.471
2025-11-07 08:00:00,20433.5,4246.4473,14792.327,39472.2743
2025-11-07 09:00:00,20847.344,4340.469,15506.067,40693.880000000005
2025-11-07 10:00:00,21359.764,4384.666,15244.714,40989.144
2025-11-07 11:00:00,21855.35,4457.3325,15283.672,41596.3545
2025-11-07 12:00:00,21873.52,4458.2905,15428.672,41760.4825
2025-11-07 13:00:00,22207.414,4724.2114,16380.871,43312.4964
2025-11-07 14:00:00,22799.209,4903.23,17380.873,45083.312
2025-11-07 15:00:00,23136.75,4903.1963,17820.043,45859.9893
2025-11-07 16:00:00,23290.65,4933.3994,17883.021,46107.070400000004
2025-11-07 17:00:00,22972.637,4767.83,17333.727,45074.193999999996
2025-11-07 18:00:00,22803.71,4658.8477,17073.105,44535.6627
2025-11-07 19:00:00,22438.432,4574.4443,17089.854,44102.730299999996
2025-11-07 20:00:00,21921.455,4592.839,17130.578,43644.872
2025-11-07 21:00:00,21792.041,4710.508,16898.824,43401.373
2025-11-07 22:00:00,21342.857,4609.309,15922.727,41874.893000000004
2025-11-07 23:00:00,20778.297,4367.447,14652.358,39798.102
2025-11-08 00:00:00,19849.145,4214.074,13251.328,37314.547
2025-11-08 01:00:00,18720.418,4028.324,12336.249,35084.991
2025-11-08 02:00:00,18553.543,3903.365,11806.373,34263.281
2025-11-08 03:00:00,18364.938,3851.0344,11647.318,33863.2904
2025-11-08 04:00:00,18604.502,3874.1091,12011.755,34490.3661
2025-11-08 05:00:00,18832.996,4039.4163,12620.627,35493.039300000004
2025-11-08 06:00:00,19274.824,4107.2827,13011.133,36393.2397
2025-11-08 07:00:00,19860.086,4145.27,13765.478,37770.834
2025-11-08 08:00:00,20018.193,4265.802,14566.721,38850.716
2025-11-08 09:00:00,20276.625,4279.571,14932.733,39488.929000000004
2025-11-08 10:00:00,20628.91,4321.5513,14821.878,39772.3393
2025-11-08 11:00:00,21067.738,4321.426,14668.9795,40058.1435
2025-11-08 12:00:00,21063.83,4375.7246,14663.091,40102.6456
2025-11-08 13:00:00,21368.268,4573.6567,15563.159,41505.0837
2025-11-08 14:00:00,22039.77,4778.794,16560.893,43379.456999999995
2025-11-08 15:00:00,22388.643,4797.707,16698.9,43885.25
2025-11-08 16:00:00,22434.34,4788.3467,16850.256,44072.9427
2025-11-08 17:00:00,21949.727,4616.032,15994.665,42560.424
2025-11-08 18:00:00,21655.92,4480.2993,15472.7295,41608.9488
2025-11-08 19:00:00,21364.217,4459.79,15778.746,41602.753
2025-11-08 20:00:00,20942.2,4466.042,15801.746,41209.988
2025-11-08 21:00:00,20730.338,4592.43,15694.012,41016.78
2025-11-08 22:00:00,20542.164,4557.0225,14903.819,40003.0055
2025-11-08 23:00:00,19988.168,4319.1,13755.254,38062.522000000004
2025-11-09 00:00:00,19018.385,4142.9224,12531.505,35692.812399999995
2025-11-09 01:00:00,18094.14,3953.7957,11365.729,33413.664699999994
2025-11-09 02:00:00,17747.26,3829.0293,11015.787,32592.076299999997
2025-11-09 03:00:00,17623.879,3784.8813,10975.5,32384.2603
2025-11-09 04:00:00,17854.291,3795.7134,11333.595,32983.5994
2025-11-09 05:00:00,17854.828,3902.5603,11644.646,33402.0343
2025-11-09 06:00:00,18047.422,3916.5405,11807.973,33771.9355
2025-11-09 07:00:00,18300.986,3900.0454,11818.263,34019.2944
2025-11-09 08:00:00,18067.701,3881.6973,12170.223,34119.6213
2025-11-09 09:00:00,18058.549,3867.7427,12190.228,34116.5197
2025-11-09 10:00:00,18260.145,3860.8508,11529.697,33650.692800000004
2025-11-09 11:00:00,18462.996,3870.689,11227.105,33560.78999999999
2025-11-09 12:00:00,18625.867,3911.4756,11353.581,33890.9236
2025-11-09 13:00:00,19096.316,4156.6885,12422.416,35675.4205
2025-11-09 14:00:00,19745.25,4345.704,13350.131,37441.085
2025-11-09 15:00:00,20426.54,4422.3467,14019.725,38868.6117
2025-11-09 16:00:00,20721.785,4470.5654,14139.999,39332.3494
2025-11-09 17:00:00,20254.217,4302.7554,13610.555,38167.5274
2025-11-09 18:00:00,20357.283,4204.665,13650.515,38212.463
2025-11-09 19:00:00,20137.248,4189.549,14177.44,38504.237
2025-11-09 20:00:00,19799.705,4221.0576,14155.862,38176.6246
2025-11-09 21:00:00,19870.799,4387.5444,14417.459,38675.8024
2025-11-09 22:00:00,19611.518,4346.7764,13401.066,37359.3604
2025-11-09 23:00:00,19007.436,4080.3027,12121.119,35208.8577
2025-11-10 00:00:00,17955.99,3905.877,10732.934,32594.801
2025-11-10 01:00:00,17184.941,3733.001,9797.372,30715.314
2025-11-10 02:00:00,16972.916,3626.0361,9480.845,30079.797100000003
2025-11-10 03:00:00,16785.684,3567.866,9457.955,29811.505000000005
2025-11-10 04:00:00,17204.361,3559.6409,9970.784,30734.7859
2025-11-10 05:00:00,17725.148,3755.3972,10946.58,32427.125200000002
2025-11-10 06:00:00,18440.62,3878.8372,11611.518,33930.9752
2025-11-10 07:00:00,19208.428,3885.626,12382.556,35476.61
2025-11-10 08:00:00,19507.219,4011.961,13519.142,37038.322
2025-11-10 09:00:00,19858.148,4026.7778,14179.663,38064.5888
2025-11-10 10:00:00,20265.053,4045.5166,14025.067,38335.6366
2025-11-10 11:00:00,20884.166,4127.6187,14108.523,39120.3077
2025-11-10 12:00:00,21029.547,4146.121,14111.988,39287.655999999995
2025-11-10 13:00:00,21447.031,4421.8867,15400.533,41269.4507
2025-11-10 14:00:00,22310.99,4600.154,16269.103,43180.247
2025-11-10 15:00:00,22993.201,4716.489,16890.201,44599.891
2025-11-10 16:00:00,22928.691,4648.852,16897.164,44474.706999999995
2025-11-10 17:00:00,22752.633,4506.146,16331.78,43590.559
2025-11-10 18:00:00,22631.95,4365.893,15931.244,42929.087
2025-11-10 19:00:00,22294.88,4313.449,16039.886,42648.215000000004
2025-11-10 20:00:00,21828.11,4329.7275,16026.232,42184.0695
2025-11-10 21:00:00,21645.393,4499.6987,16080.012,42225.1037
2025-11-10 22:00:00,21409.938,4463.387,15194.191,41067.515999999996
2025-11-10 23:00:00,20820.062,4206.798,13906.588,38933.448000000004
2025-11-11 00:00:00,19797.55,4078.2578,12368.0205,36243.8283
2025-11-11 01:00:00,19026.973,3887.172,11279.371,34193.516
2025-11-11 02:00:00,18696.21,3796.158,10889.283,33381.651
2025-11-11 03:00:00,18464.1,3764.1055,10623.248,32851.4535
2025-11-11 04:00:00,18672.852,3760.9897,11125.396,33559.2377
2025-11-11 05:00:00,19228.252,3959.2795,11917.154,35104.6855
2025-11-11 06:00:00,19809.104,4081.943,12764.884,36655.931
2025-11-11 07:00:00,20617.982,4133.1997,13516.969,38268.1507
2025-11-11 08:00:00,20882.707,4205.3774,14363.946,39452.0304
2025-11-11 09:00:00,20937.848,4222.668,14713.276,39873.792
2025-11-11 10:00:00,21526.8,4273.8364,14671.484,40472.1204
2025-11-11 11:00:00,21897.457,4288.3623,14381.069,40566.8883
2025-11-11 12:00:00,22134.887,4373.4688,14716.662,41225.0178
2025-11-11 13:00:00,22384.023,4596.3315,15685.636,42665.9905
2025-11-11 14:00:00,23199.895,4833.5957,16707.406,44740.8967
2025-11-11 15:00:00,23745.916,4865.3975,17008.262,45619.5755
2025-11-11 16:00:00,23894.727,4886.302,17189.504,45970.532999999996
2025-11-11 17:00:00,23601.379,4736.9297,16420.121,44758.4297
2025-11-11 18:00:00,23536.803,4648.005,16208.64,44393.448000000004
2025-11-11 19:00:00,23025.746,4586.6504,16320.381,43932.7774
2025-11-11 20:00:00,22569.76,4646.0635,16414.14,43629.9635
2025-11-11 21:00:00,22230.367,4738.858,16166.39,43135.615
2025-11-11 22:00:00,21817.486,4656.1914,14955.227,41428.9044
2025-11-11 23:00:00,21287.914,4427.6675,13737.521,39453.1025
2025-11-12 00:00:00,20257.863,4224.993,12274.566,36757.422
2025-11-12 01:00:00,19391.498,4029.902,11310.617,34732.017
2025-11-12 02:00:00,19279.055,3938.3413,10969.785,34187.1813
2025-11-12 03:00:00,19067.285,3897.8342,10877.63,33842.7492
2025-11-12 04:00:00,19225.787,3881.2097,11362.399,34469.3957
2025-11-12 05:00:00,19658.594,4049.78,12185.8,35894.174
2025-11-12 06:00:00,20156.705,4184.5254,12618.208,36959.4384
2025-11-12 07:00:00,20973.443,4253.4883,13297.136,38524.0673
2025-11-12 08:00:00,21132.0,4346.7886,14410.632,39889.4206
2025-11-12 09:00:00,21182.426,4321.907,14704.828,40209.161
2025-11-12 10:00:00,22001.904,4413.4346,14523.44,40938.7786
2025-11-12 11:00:00,22287.92,4441.334,14434.648,41163.901999999995
2025-11-12 12:00:00,22312.004,4445.6973,14491.458,41249.1593
2025-11-12 13:00:00,22890.477,4716.0527,15608.288,43214.8177
2025-11-12 14:00:00,23537.4,4908.961,16586.031,45032.392
2025-11-12 15:00:00,24085.72,4943.0874,16918.059,45946.8664
2025-11-12 16:00:00,23963.701,4916.311,17178.21,46058.222
2025-11-12 17:00:00,23744.844,4795.2637,16486.848,45026.955700000006
2025-11-12 18:00:00,23631.252,4702.4824,16069.957,44403.6914
2025-11-12 19:00:00,23347.662,4660.548,16001.799,44010.009
2025-11-12 20:00:00,22707.197,4636.438,16157.556,43501.191000000006
2025-11-12 21:00:00,22602.137,4752.4634,15965.957,43320.5574
2025-11-12 22:00:00,22080.29,4665.9946,15069.003,41815.287599999996
2025-11-12 23:00:00,21490.225,4398.0205,13845.943,39734.1885
2025-11-13 00:00:00,20228.463,4179.327,12357.717,36765.507
2025-11-13 01:00:00,19455.361,4023.9436,11359.413,34838.7176
2025-11-13 02:00:00,19217.043,3911.2131,11084.135,34212.3911
2025-11-13 03:00:00,19067.781,3863.8936,10996.534,33928.2086
2025-11-13 04:00:00,19258.14,3847.5566,11380.833,34486.5296
2025-11-13 05:00:00,19578.574,4010.7097,12024.788,35614.0717
2025-11-13 06:00:00,20061.064,4125.122,12624.632,36810.818
2025-11-13 07:00:00,20803.902,4194.478,13165.875,38164.255
2025-11-13 08:00:00,21132.67,4341.0674,14292.872,39766.6094
2025-11-13 09:00:00,21327.426,4393.795,14872.665,40593.886
2025-11-13 10:00:00,21666.209,4424.6763,14802.471,40893.3563
2025-11-13 11:00:00,22179.383,4472.9863,14800.83,41453.1993
2025-11-13 12:00:00,22328.41,4518.209,15071.683,41918.301999999996
2025-11-13 13:00:00,22608.678,4749.032,16125.057,43482.767
2025-11-13 14:00:00,23357.615,4943.917,17105.713,45407.245
2025-11-13 15:00:00,23732.723,4977.1714,17550.9,46260.7944
2025-11-13 16:00:00,23976.564,4992.6743,17567.283,46536.52129999999
2025-11-13 17:00:00,23585.295,4825.393,16891.06,45301.748
2025-11-13 18:00:00,23393.59,4697.253,16530.78,44621.623
2025-11-13 19:00:00,23151.148,4657.3867,16712.127,44520.6617
2025-11-13 20:00:00,22650.77,4665.4194,16613.172,43929.361399999994
2025-11-13 21:00:00,22397.9,4732.2896,16330.338,43460.5276
2025-11-13 22:00:00,22147.764,4705.096,15610.077,42462.937
2025-11-13 23:00:00,21298.518,4386.612,14236.155,39921.285
2025-11-14 00:00:00,20279.947,4217.7856,12752.899,37250.6316
2025-11-14 01:00:00,19573.271,4056.991,11652.577,35282.839
2025-11-14 02:00:00,19173.637,3936.4521,11527.932,34638.0211
2025-11-14 03:00:00,19124.883,3897.5483,11470.938,34493.3693
2025-11-14 04:00:00,19205.32,3834.8691,11673.431,34713.6201
2025-11-14 05:00:00,19404.6,3958.828,12333.306,35696.734
2025-11-14 06:00:00,19823.457,4056.1523,12952.31,36831.9193
2025-11-14 07:00:00,20557.025,4146.752,13796.45,38500.227
2025-11-14 08:00:00,20704.703,4230.675,14714.451,39649.829
2025-11-14 09:00:00,21315.498,4356.833,15277.366,40949.697
2025-11-14 10:00:00,21648.115,4380.0796,15133.51,41161.704600000005
2025-11-14 11:00:00,22038.482,4431.7656,15078.03,41548.2776
2025-11-14 12:00:00,22224.44,4499.474,15286.94,42010.854
2025-11-14 13:00:00,22415.006,4734.4297,16244.487,43393.9227
2025-11-14 14:00:00,23098.65,4897.879,17122.361,45118.89
2025-11-14 15:00:00,23783.264,4983.135,17949.152,46715.55099999999
2025-11-14 16:00:00,23901.3,4988.1943,17986.15,46875.6443
2025-11-14 17:00:00,23796.723,4861.3843,17415.896,46074.003300000004
2025-11-14 18:00:00,23499.16,4750.681,17091.55,45341.391
2025-11-14 19:00:00,23059.201,4647.408,16883.217,44589.826
2025-11-14 20:00:00,22531.477,4635.267,16890.834,44057.577999999994
2025-11-14 21:00:00,22250.352,4749.062,16852.174,43851.587999999996
2025-11-14 22:00:00,21809.188,4644.11,15871.96,42325.258
2025-11-14 23:00:00,21325.107,4445.132,14616.37,40386.609000000004
2025-11-15 00:00:00,20229.52,4268.347,13190.216,37688.083
2025-11-15 01:00:00,19422.74,4105.1885,12109.197,35637.1255
2025-11-15 02:00:00,19184.752,3999.7383,11825.145,35009.6353
2025-11-15 03:00:00,18841.629,3927.4023,11665.481,34434.5123
2025-11-15 04:00:00,19053.12,3885.7224,11751.831,34690.6734
2025-11-15 05:00:00,19538.945,4070.434,12510.162,36119.541
2025-11-15 06:00:00,19747.594,4154.0015,13079.717,36981.3125
2025-11-15 07:00:00,20376.31,4150.6475,13487.78,38014.7375
2025-11-15 08:00:00,20587.604,4269.228,14399.713,39256.545
2025-11-15 09:00:00,20657.988,4310.5474,14903.537,39872.072400000005
2025-11-15 10:00:00,21084.396,4327.938,14497.07,39909.404
2025-11-15 11:00:00,21549.441,4376.2095,14515.386,40441.0365
2025-11-15 12:00:00,21452.266,4387.1997,14614.558,40454.023700000005
2025-11-15 13:00:00,21829.3,4643.7744,15587.977,42061.0514
2025-11-15 14:00:00,22456.926,4816.125,16313.167,43586.218
2025-11-15 15:00:00,23016.12,4850.738,16659.32,44526.178
2025-11-15 16:00:00,22943.176,4838.516,16696.082,44477.774
2025-11-15 17:00:00,22722.992,4724.813,15892.783,43340.588
2025-11-15 18:00:00,22403.55,4585.3013,15399.933,42388.7843
2025-11-15 19:00:00,21947.143,4492.3276,15438.728,41878.1986
2025-11-15 20:00:00,21466.105,4512.246,15570.897,41549.248
2025-11-15 21:00:00,21073.281,4603.1704,15429.321,41105.7724
2025-11-15 22:00:00,20944.092,4585.604,14684.478,40214.174
2025-11-15 23:00:00,20343.535,4349.107,13565.974,38258.616
2025-11-16 00:00:00,19470.406,4217.6064,12454.675,36142.687399999995
2025-11-16 01:00:00,18576.59,4020.679,11383.566,33980.835
2025-11-16 02:00:00,18169.236,3873.5881,10999.8955,33042.719600000004
2025-11-16 03:00:00,17927.234,3814.9917,10793.6455,32535.8712
2025-11-16 04:00:00,18057.66,3817.2217,10695.509,32570.390699999996
2025-11-16 05:00:00,18062.62,3902.9043,10939.308,32904.832299999995
2025-11-16 06:00:00,18370.92,3958.735,11267.916,33597.570999999996
2025-11-16 07:00:00,18567.44,3918.8032,11314.554,33800.7972
2025-11-16 08:00:00,18476.725,3948.228,11939.836,34364.789
2025-11-16 09:00:00,18651.805,3938.432,11678.395,34268.632
2025-11-16 10:00:00,18714.44,3917.2688,11174.278,33805.9868
2025-11-16 11:00:00,18945.553,3930.578,10896.225,33772.356
2025-11-16 12:00:00,19005.04,3949.0493,11039.872,33993.961299999995
2025-11-16 13:00:00,19358.113,4217.644,12327.355,35903.112
2025-11-16 14:00:00,20044.19,4380.3105,13143.106,37567.606499999994
2025-11-16 15:00:00,20804.39,4452.352,13514.638,38771.38
2025-11-16 16:00:00,20962.963,4477.844,13873.12,39313.927
2025-11-16 17:00:00,20620.648,4319.8,13254.633,38195.081
2025-11-16 18:00:00,20746.22,4289.301,13298.842,38334.363
2025-11-16 19:00:00,20491.348,4245.56,13664.864,38401.772000000004
2025-11-16 20:00:00,20360.92,4290.3784,14047.203,38698.5014
2025-11-16 21:00:00,20157.48,4396.77,13885.332,38439.582
2025-11-16 22:00:00,19794.494,4312.743,12944.713,37051.95
2025-11-16 23:00:00,19260.75,4089.0886,11836.483,35186.321599999996
2025-11-17 00:00:00,18183.656,3898.9717,10422.264,32504.891699999996
2025-11-17 01:00:00,17208.611,3726.1948,9383.845,30318.650800000003
2025-11-17 02:00:00,17089.77,3635.4614,9171.874,29897.1054
2025-11-17 03:00:00,17045.705,3549.202,9111.067,29705.974000000002
2025-11-17 04:00:00,17421.547,3591.682,9410.765,30423.994
2025-11-17 05:00:00,17588.068,3711.944,10251.659,31551.671
2025-11-17 06:00:00,18303.56,3831.487,10916.474,33051.521
2025-11-17 07:00:00,19284.512,3909.9438,12082.513,35276.9688
2025-11-17 08:00:00,19535.045,3957.637,13123.197,36615.879
2025-11-17 09:00:00,19799.111,4006.7114,13518.361,37324.1834
2025-11-17 10:00:00,20451.879,4021.2637,13553.546,38026.6887
2025-11-17 11:00:00,20778.62,4085.0913,13516.29,38380.0013
2025-11-17 12:00:00,20771.793,4084.7942,13729.749,38586.336200000005
2025-11-17 13:00:00,21376.89,4385.379,14986.588,40748.857
2025-11-17 14:00:00,22380.314,4622.9087,16054.463,43057.6857
2025-11-17 15:00:00,22869.104,4634.151,16287.436,43790.691
2025-11-17 16:00:00,23151.527,4645.647,16690.75,44487.924
2025-11-17 17:00:00,22764.809,4500.5903,16087.455,43352.8543
2025-11-17 18:00:00,22655.16,4375.7427,15838.005,42868.907699999996
2025-11-17 19:00:00,22254.867,4342.0938,15943.529,42540.489799999996
2025-11-17 20:00:00,22019.24,4384.3755,16020.057,42423.6725
2025-11-17 21:00:00,21908.662,4508.199,15766.13,42182.991
2025-11-17 22:00:00,21477.943,4412.8813,14807.95,40698.774300000005
2025-11-17 23:00:00,20607.482,4149.2266,13490.699,38247.4076
2025-11-18 00:00:00,19618.97,3995.7288,12019.581,35634.279800000004
2025-11-18 01:00:00,18633.545,3816.9644,11012.245,33462.7544
2025-11-18 02:00:00,18458.049,3740.7007,10684.014,32882.763699999996
2025-11-18 03:00:00,18319.285,3731.252,10612.454,32662.991
2025-11-18 04:00:00,18518.182,3703.004,10942.335,33163.521
2025-11-18 05:00:00,18788.533,3874.9814,11696.781,34360.2954
2025-11-18 06:00:00,19377.846,3986.1626,12324.835,35688.8436
2025-11-18 07:00:00,20135.67,4012.1946,13012.779,37160.643599999996
2025-11-18 08:00:00,20541.219,4141.581,14206.119,38888.919
2025-11-18 09:00:00,20910.984,4168.629,14612.65,39692.263
2025-11-18 10:00:00,21383.64,4207.909,14451.346,40042.895
2025-11-18 11:00:00,21757.18,4263.2456,14328.348,40348.7736
2025-11-18 12:00:00,21955.48,4289.418,14541.589,40786.487
2025-11-18 13:00:00,22266.531,4534.9497,15798.637,42600.1177
2025-11-18 14:00:00,23055.395,4732.333,16652.121,44439.849
2025-11-18 15:00:00,23733.295,4825.635,17163.133,45722.063
2025-11-18 16:00:00,23762.4,4818.2085,17421.637,46002.245500000005
2025-11-18 17:00:00,23332.062,4653.1416,16452.19,44437.393599999996
2025-11-18 18:00:00,23124.766,4569.143,16243.397,43937.306
2025-11-18 19:00:00,22758.3,4522.485,16217.644,43498.429000000004
2025-11-18 20:00:00,22232.957,4564.211,16506.451,43303.619
2025-11-18 21:00:00,21970.268,4652.8945,16154.594,42777.756499999996
2025-11-18 22:00:00,21552.396,4575.8228,15251.765,41379.9838
2025-11-18 23:00:00,21032.912,4346.6787,14013.045,39392.6357
2025-11-19 00:00:00,19948.305,4137.419,12439.271,36524.995
2025-11-19 01:00:00,18973.07,3962.9187,11702.215,34638.2037
2025-11-19 02:00:00,18700.08,3866.7134,11154.125,33720.9184
2025-11-19 03:00:00,18399.645,3766.633,10988.05,33154.327999999994
2025-11-19 04:00:00,18621.336,3772.7375,11327.302,33721.375499999995
2025-11-19 05:00:00,18954.35,3923.4812,11911.955,34789.7862
2025-11-19 06:00:00,19579.238,4073.3503,12527.308,36179.89630000001
2025-11-19 07:00:00,20307.48,4141.526,13370.75,37819.756
2025-11-19 08:00:00,20623.84,4245.055,14319.797,39188.692
2025-11-19 09:00:00,20700.852,4261.995,14588.71,39551.557
2025-11-19 10:00:00,21275.133,4292.3755,14281.308,39848.8165
2025-11-19 11:00:00,21695.734,4336.1387,14371.218,40403.0907
2025-11-19 12:00:00,22090.238,4419.1543,14809.76,41319.1523
2025-11-19 13:00:00,22348.28,4614.139,15621.717,42584.136
2025-11-19 14:00:00,22982.898,4784.5596,16718.469,44485.926600000006
2025-11-19 15:00:00,23537.139,4808.0303,17180.252,45525.4213
2025-11-19 16:00:00,23743.445,4860.6333,17208.795,45812.8733
2025-11-19 17:00:00,23449.074,4716.421,16443.809,44609.304000000004
2025-11-19 18:00:00,23149.11,4597.7456,16180.023,43926.878600000004
2025-11-19 19:00:00,22719.404,4559.9634,16226.767,43506.134399999995
2025-11-19 20:00:00,22138.887,4543.383,16493.795,43176.064999999995
2025-11-19 21:00:00,21835.107,4612.014,16271.058,42718.179000000004
2025-11-19 22:00:00,21309.465,4507.752,15436.275,41253.492
2025-11-19 23:00:00,20750.102,4265.4854,13989.406,39004.9934
2025-11-20 00:00:00,19750.775,4081.0571,12443.737,36275.5691
2025-11-20 01:00:00,18850.045,3929.5056,11541.736,34321.2866
2025-11-20 02:00:00,18470.96,3814.0198,11172.443,33457.4228
2025-11-20 03:00:00,18368.713,3758.5305,11088.759,33216.0025
2025-11-20 04:00:00,18520.494,3745.5017,11472.244,33738.2397
2025-11-20 05:00:00,18812.78,3890.9895,11930.42,34634.1895
2025-11-20 06:00:00,19327.418,4015.0457,12564.253,35906.716700000004
2025-11-20 07:00:00,20000.748,4071.842,13387.376,37459.966
2025-11-20 08:00:00,20283.61,4208.177,14298.829,38790.616
2025-11-20 09:00:00,20608.018,4299.937,15078.656,39986.611000000004
2025-11-20 10:00:00,20993.44,4281.259,14935.824,40210.523
2025-11-20 11:00:00,21455.215,4346.088,14899.707,40701.01
2025-11-20 12:00:00,21528.186,4380.802,15083.289,40992.277
2025-11-20 13:00:00,21947.488,4636.1807,16107.73,42691.398700000005
2025-11-20 14:00:00,22567.582,4809.7197,17078.69,44455.9917
2025-11-20 15:00:00,23126.193,4860.962,17484.861,45472.016
2025-11-20 16:00:00,23309.145,4892.983,17732.43,45934.558000000005
2025-11-20 17:00:00,22827.984,4729.1978,17059.098,44616.279800000004
2025-11-20 18:00:00,22681.303,4611.486,16706.33,43999.119000000006
2025-11-20 19:00:00,22325.297,4551.161,16803.244,43679.702
2025-11-20 20:00:00,21661.463,4531.568,16846.617,43039.648
2025-11-20 21:00:00,21352.07,4621.212,16734.957,42708.239
2025-11-20 22:00:00,20740.764,4476.2217,15632.916,40849.901699999995
2025-11-20 23:00:00,20271.107,4266.2505,14143.625,38680.9825
2025-11-21 00:00:00,19320.621,4069.532,12680.861,36071.013999999996
2025-11-21 01:00:00,18286.617,3872.582,11758.781,33917.979999999996
2025-11-21 02:00:00,18150.072,3766.0396,11316.209,33232.3206
2025-11-21 03:00:00,17949.492,3727.3037,11281.831,32958.6267
2025-11-21 04:00:00,18144.111,3724.9756,11705.435,33574.5216
2025-11-21 05:00:00,18572.068,3899.0405,12259.762,34730.8705
2025-11-21 06:00:00,18949.977,3972.1274,12900.766,35822.8704
2025-11-21 07:00:00,19654.92,4012.3699,13606.176,37273.465899999996
2025-11-21 08:00:00,20025.135,4185.1167,14746.208,38956.4597
2025-11-21 09:00:00,20204.297,4238.523,15260.739,39703.559
2025-11-21 10:00:00,20737.898,4243.233,15082.616,40063.747
2025-11-21 11:00:00,21099.053,4337.2427,15008.913,40445.2087
2025-11-21 12:00:00,21317.877,4376.968,15332.057,41026.902
2025-11-21 13:00:00,21593.06,4637.4443,16426.285,42656.789300000004
2025-11-21 14:00:00,22186.486,4796.8643,17592.854,44576.2043
2025-11-21 15:00:00,22884.549,4849.3926,17930.51,45664.4516
2025-11-21 16:00:00,22940.002,4880.064,18181.19,46001.255999999994
2025-11-21 17:00:00,22577.09,4721.2734,17439.04,44737.4034
2025-11-21 18:00:00,22497.64,4620.5435,17264.766,44382.9495
2025-11-21 19:00:00,22017.822,4545.3086,17217.146,43780.2766
2025-11-21 20:00:00,21199.434,4484.3755,17191.885,42875.6945
2025-11-21 21:00:00,21020.93,4594.01,16964.139,42579.079
2025-11-21 22:00:00,20637.877,4518.495,15912.724,41069.096
2025-11-21 23:00:00,20016.55,4275.503,14684.187,38976.24
2025-11-22 00:00:00,18895.889,4054.2722,13222.354,36172.515199999994
2025-11-22 01:00:00,18103.984,3923.2966,12230.563,34257.8436
2025-11-22 02:00:00,17918.086,3840.6104,11674.646,33433.3424
2025-11-22 03:00:00,17718.033,3791.109,11616.549,33125.691
2025-11-22 04:00:00,18064.344,3790.948,12169.047,34024.339
2025-11-22 05:00:00,18213.646,3940.8015,12750.603,34905.0505
2025-11-22 06:00:00,18828.623,4050.9375,13285.5625,36165.123
2025-11-22 07:00:00,19525.297,4098.9937,13804.689,37428.979699999996
2025-11-22 08:00:00,19643.535,4177.8047,14811.167,38632.5067
2025-11-22 09:00:00,19783.676,4202.609,15025.964,39012.248999999996
2025-11-22 10:00:00,20131.89,4217.0005,14671.179,39020.0695
2025-11-22 11:00:00,20433.049,4269.5835,14661.088,39363.720499999996
2025-11-22 12:00:00,20610.92,4302.999,14902.551,39816.47
2025-11-22 13:00:00,20827.43,4535.7314,15931.515,41294.6764
2025-11-22 14:00:00,21484.33,4697.0527,16652.936,42834.3187
2025-11-22 15:00:00,21892.594,4737.273,16893.262,43523.129
2025-11-22 16:00:00,21977.314,4721.3496,16967.994,43666.6576
2025-11-22 17:00:00,21698.44,4593.5527,16029.842,42321.8347
2025-11-22 18:00:00,21507.793,4441.7344,15780.75,41730.277400000006
2025-11-22 19:00:00,21055.549,4419.789,15810.858,41286.195999999996
2025-11-22 20:00:00,20689.283,4429.651,15900.262,41019.196
2025-11-22 21:00:00,20384.115,4549.7373,16055.397,40989.2493
2025-11-22 22:00:00,20148.484,4478.045,15261.648,39888.177
2025-11-22 23:00:00,19603.62,4242.2764,14169.1875,38015.0839
2025-11-23 00:00:00,18659.738,4077.9783,12830.931,35568.6473
2025-11-23 01:00:00,17745.393,3894.4949,11722.998,33362.8859
2025-11-23 02:00:00,17654.42,3826.9932,11324.858,32806.2712
2025-11-23 03:00:00,17434.695,3755.5037,11058.6455,32248.8442
2025-11-23 04:00:00,17470.615,3717.7573,11275.372,32463.744300000002
2025-11-23 05:00:00,17430.906,3803.435,11698.021,32932.362
2025-11-23 06:00:00,17852.314,3881.0764,11877.815,33611.2054
2025-11-23 07:00:00,18056.963,3825.1982,11989.393,33871.5542
2025-11-23 08:00:00,18013.588,3855.52,12176.034,34045.142
2025-11-23 09:00:00,17903.602,3847.9907,11988.577,33740.1697
2025-11-23 10:00:00,18148.234,3822.7754,11380.802,33351.8114
2025-11-23 11:00:00,18308.934,3843.998,11184.97,33337.902
2025-11-23 12:00:00,18338.709,3876.121,11444.009,33658.839
2025-11-23 13:00:00,18725.742,4099.995,12416.77,35242.507
2025-11-23 14:00:00,19280.547,4279.9683,13449.893,37010.408299999996
2025-11-23 15:00:00,20145.783,4374.01,14071.194,38590.986999999994
2025-11-23 16:00:00,20311.28,4367.872,14308.916,38988.068
2025-11-23 17:00:00,20270.545,4290.767,13934.78,38496.092
2025-11-23 18:00:00,20289.61,4226.0464,13699.3,38214.956399999995
2025-11-23 19:00:00,20231.4,4202.593,14395.742,38829.735
2025-11-23 20:00:00,19843.383,4227.712,14565.567,38636.662
2025-11-23 21:00:00,19727.918,4340.9644,14621.478,38690.360400000005
2025-11-23 22:00:00,19283.76,4254.55,13640.154,37178.464
2025-11-23 23:00:00,18502.627,3984.9404,12239.607,34727.1744
2025-11-24 00:00:00,17637.082,3828.7622,10776.378,32242.2222
2025-11-24 01:00:00,16747.762,3653.1416,9983.049,30383.952599999997
2025-11-24 02:00:00,16637.645,3583.2175,9784.855,30005.7175
2025-11-24 03:00:00,16676.521,3529.7996,9584.596,29790.916599999997
2025-11-24 04:00:00,17329.623,3573.9116,10188.119,31091.653599999998
2025-11-24 05:00:00,17536.398,3705.0708,10988.063,32229.531800000004
2025-11-24 06:00:00,18239.13,3800.2114,11609.388,33648.729400000004
2025-11-24 07:00:00,19024.012,3856.4749,12652.782,35533.268899999995
2025-11-24 08:00:00,19294.215,3990.4731,13955.786,37240.4741
2025-11-24 09:00:00,19648.654,3987.2175,14257.625,37893.496499999994
2025-11-24 10:00:00,20082.531,4019.4307,14060.086,38162.047699999996
2025-11-24 11:00:00,20482.953,4049.3755,13935.523,38467.851500000004
2025-11-24 12:00:00,20669.893,4124.2,14449.565,39243.658
2025-11-24 13:00:00,21220.959,4402.484,15399.217,41022.66
2025-11-24 14:00:00,21865.344,4585.8936,16479.848,42931.085600000006
2025-11-24 15:00:00,22836.041,4663.892,17201.35,44701.282999999996
2025-11-24 16:00:00,22906.979,4648.4204,17326.293,44881.6924
2025-11-24 17:00:00,22718.469,4520.3716,16649.234,43888.07460000001
2025-11-24 18:00:00,22468.54,4391.246,16419.006,43278.792
2025-11-24 19:00:00,22196.467,4314.0522,16452.635,42963.154200000004
2025-11-24 20:00:00,22015.465,4363.2646,16735.348,43114.077600000004
2025-11-24 21:00:00,21568.715,4479.9863,16583.209,42631.9103
2025-11-24 22:00:00,21247.957,4439.322,15563.705,41250.984
2025-11-24 23:00:00,20478.033,4157.968,14158.23,38794.231
2025-11-25 00:00:00,19480.096,4002.441,12668.778,36151.315
2025-11-25 01:00:00,18790.143,3848.0237,11686.285,34324.451700000005
2025-11-25 02:00:00,18427.352,3747.7668,11207.15,33382.2688
2025-11-25 03:00:00,18530.76,3755.9546,11426.646,33713.3606
2025-11-25 04:00:00,18780.457,3756.941,11753.1,34290.498
2025-11-25 05:00:00,19051.281,3897.8003,12316.219,35265.300299999995
2025-11-25 06:00:00,19889.738,4071.6443,13090.343,37051.725300000006
2025-11-25 07:00:00,20349.729,4074.709,13869.179,38293.617
2025-11-25 08:00:00,20743.594,4184.497,14914.237,39842.328
2025-11-25 09:00:00,21110.4,4265.9805,15359.538,40735.9185
2025-11-25 10:00:00,21326.08,4243.5747,15116.707,40686.3617
2025-11-25 11:00:00,21893.281,4301.406,15072.564,41267.251
2025-11-25 12:00:00,21944.85,4356.885,15097.02,41398.755000000005
2025-11-25 13:00:00,22200.07,4600.977,16270.271,43071.318
2025-11-25 14:00:00,22850.734,4752.222,16884.543,44487.498999999996
2025-11-25 15:00:00,23424.697,4771.2197,17366.56,45562.4767
2025-11-25 16:00:00,23680.861,4837.788,17548.707,46067.356
2025-11-25 17:00:00,23475.588,4746.792,17043.842,45266.222
2025-11-25 18:00:00,23245.555,4609.147,16593.805,44448.507
2025-11-25 19:00:00,22948.86,4541.396,16824.01,44314.266
2025-11-25 20:00:00,22367.723,4566.3994,16983.979,43918.1014
2025-11-25 21:00:00,22120.113,4668.775,17077.59,43866.478
2025-11-25 22:00:00,21527.852,4548.9336,15836.586,41913.3716
2025-11-25 23:00:00,20888.154,4283.914,14467.301,39639.369
2025-11-26 00:00:00,19756.04,4076.9355,12944.543,36777.5185
2025-11-26 01:00:00,19013.701,3952.5168,11946.819,34913.0368
2025-11-26 02:00:00,18634.01,3838.7927,11517.192,33989.994699999996
2025-11-26 03:00:00,18549.766,3816.087,11569.97,33935.823
2025-11-26 04:00:00,18921.062,3847.9692,12193.049,34962.080200000004
2025-11-26 05:00:00,19179.014,3997.4495,12747.513,35923.9765
2025-11-26 06:00:00,19682.525,4100.353,13119.219,36902.097
2025-11-26 07:00:00,20423.25,4158.2603,13904.974,38486.484300000004
2025-11-26 08:00:00,20717.082,4256.6523,14794.251,39767.9853
2025-11-26 09:00:00,20857.104,4322.385,15069.233,40248.722
2025-11-26 10:00:00,21306.88,4307.84,14908.176,40522.896
2025-11-26 11:00:00,21624.852,4339.653,14667.467,40631.971999999994
2025-11-26 12:00:00,21626.283,4380.4565,14847.634,40854.3735
2025-11-26 13:00:00,22054.064,4620.854,16201.31,42876.227999999996
2025-11-26 14:00:00,22704.287,4778.1333,16834.797,44317.217300000004
2025-11-26 15:00:00,23400.12,4816.3447,17422.666,45639.130699999994
2025-11-26 16:00:00,23493.977,4851.337,17541.766,45887.08
2025-11-26 17:00:00,23288.1,4745.9688,16847.502,44881.5708
2025-11-26 18:00:00,22999.398,4616.3804,16572.553,44188.3314
2025-11-26 19:00:00,22670.148,4561.407,16771.209,44002.763999999996
2025-11-26 20:00:00,22334.365,4584.1006,16835.947,43754.4126
2025-11-26 21:00:00,21845.371,4629.235,16789.322,43263.928
2025-11-26 22:00:00,21374.414,4528.443,15840.617,41743.474
2025-11-26 23:00:00,20897.252,4287.9775,14481.716,39666.9455
2025-11-27 00:00:00,19707.53,4076.8818,12780.129,36564.5408
2025-11-27 01:00:00,18877.701,3930.1194,11921.847,34729.6674
2025-11-27 02:00:00,18472.572,3819.3105,11598.987,33890.8695
2025-11-27 03:00:00,18376.844,3780.6577,11644.287,33801.788700000005
2025-11-27 04:00:00,18633.691,3767.581,12062.39,34463.662
2025-11-27 05:00:00,18920.06,3926.1865,12567.69,35413.9365
2025-11-27 06:00:00,19272.893,4024.3726,13157.858,36455.1236
2025-11-27 07:00:00,20112.566,4154.468,13953.653,38220.687
2025-11-27 08:00:00,20423.236,4276.523,14944.373,39644.132
2025-11-27 09:00:00,20672.463,4338.6133,15361.164,40372.240300000005
2025-11-27 10:00:00,21139.264,4369.3447,15258.655,40767.263699999996
2025-11-27 11:00:00,21485.793,4435.315,15186.912,41108.020000000004
2025-11-27 12:00:00,21495.086,4427.0703,15493.909,41416.0653
2025-11-27 13:00:00,21822.72,4668.8506,16593.295,43084.8656
2025-11-27 14:00:00,22428.605,4843.902,17495.24,44767.747
2025-11-27 15:00:00,22940.33,4900.978,17811.955,45653.263000000006
2025-11-27 16:00:00,23233.46,4928.0586,18129.67,46291.188599999994
2025-11-27 17:00:00,22996.88,4794.864,17468.186,45259.93
2025-11-27 18:00:00,22817.09,4669.624,17265.322,44752.036
2025-11-27 19:00:00,22445.465,4599.579,17432.867,44477.911
2025-11-27 20:00:00,21997.879,4597.74,17463.023,44058.642
2025-11-27 21:00:00,21749.865,4658.5806,17251.709,43660.1546
2025-11-27 22:00:00,21468.195,4598.243,16308.77,42375.208
2025-11-27 23:00:00,20607.273,4282.523,15065.492,39955.288
2025-11-28 00:00:00,19638.145,4122.9873,13474.07,37235.202300000004
2025-11-28 01:00:00,18823.613,3977.8362,12606.932,35408.3812
2025-11-28 02:00:00,18299.818,3816.9875,11837.548,33954.3535
2025-11-28 03:00:00,18132.469,3754.3418,11795.418,33682.2288
2025-11-28 04:00:00,18426.352,3781.279,12162.521,34370.152
2025-11-28 05:00:00,18713.875,3893.222,12968.276,35575.373
2025-11-28 06:00:00,19089.014,3983.4988,13317.168,36389.6808
2025-11-28 07:00:00,19930.219,4070.2927,14197.701,38198.212700000004
2025-11-28 08:00:00,20155.79,4206.1694,15286.112,39648.0714
2025-11-28 09:00:00,20262.719,4231.9126,15635.138,40129.7696
2025-11-28 10:00:00,20954.342,4332.005,15880.246,41166.593
2025-11-28 11:00:00,21324.125,4397.097,15684.507,41405.729
2025-11-28 12:00:00,21420.965,4425.305,16095.927,41942.197
2025-11-28 13:00:00,21808.316,4673.3623,17055.836,43537.514299999995
2025-11-28 14:00:00,22383.104,4833.3604,17776.318,44992.7824
2025-11-28 15:00:00,23056.977,4912.333,18233.248,46202.558
2025-11-28 16:00:00,23056.658,4884.8477,18387.059,46328.5647
2025-11-28 17:00:00,22724.447,4729.7627,17655.137,45109.346699999995
2025-11-28 18:00:00,22595.045,4619.8105,17405.518,44620.3735
2025-11-28 19:00:00,22033.682,4525.4233,17258.385,43817.490300000005
2025-11-28 20:00:00,21570.615,4517.233,17366.94,43454.788
2025-11-28 21:00:00,21310.947,4594.2954,17466.432,43371.6744
2025-11-28 22:00:00,20803.887,4488.7383,16346.575,41639.2003
2025-11-28 23:00:00,20452.062,4307.3896,15240.654,40000.1056
2025-11-29 00:00:00,19459.795,4122.7773,13773.213,37355.7853
2025-11-29 01:00:00,18490.404,3964.5603,12694.005,35148.9693
2025-11-29 02:00:00,18112.688,3821.9333,12049.634,33984.2553
2025-11-29 03:00:00,17849.299,3764.814,11762.754,33376.867
2025-11-29 04:00:00,18160.346,3787.8496,12009.819,33958.0146
2025-11-29 05:00:00,18506.246,3932.1353,12778.483,35216.8643
2025-11-29 06:00:00,18953.201,4027.5117,13384.815,36365.5277
2025-11-29 07:00:00,19737.604,4087.944,14061.769,37887.316999999995
2025-11-29 08:00:00,19891.572,4217.469,15197.6455,39306.6865
2025-11-29 09:00:00,19930.621,4237.165,15224.627,39392.413
2025-11-29 10:00:00,20500.094,4277.105,14978.707,39755.906
2025-11-29 11:00:00,20799.146,4303.5576,14828.566,39931.2696
2025-11-29 12:00:00,20852.47,4323.9683,15108.836,40285.274300000005
2025-11-29 13:00:00,21092.678,4545.0845,15982.908,41620.6705
2025-11-29 14:00:00,21593.398,4680.543,16511.678,42785.619
2025-11-29 15:00:00,22175.834,4754.7197,16802.297,43732.850699999995
2025-11-29 16:00:00,22298.074,4760.0024,16906.547,43964.6234
2025-11-29 17:00:00,21871.635,4590.441,16130.868,42592.943999999996
2025-11-29 18:00:00,21677.996,4454.6724,15717.365,41850.0334
2025-11-29 19:00:00,21092.484,4355.721,15447.87,40896.075000000004
2025-11-29 20:00:00,20620.05,4352.0464,15762.344,40734.4404
2025-11-29 21:00:00,20649.213,4510.312,15979.613,41139.138
2025-11-29 22:00:00,20325.336,4422.1787,15227.086,39974.600699999995
2025-11-29 23:00:00,19868.7,4225.043,14234.162,38327.905
2025-11-30 00:00:00,18849.707,4039.3167,12751.631,35640.6547
2025-11-30 01:00:00,17948.451,3888.0686,11750.469,33586.9886
2025-11-30 02:00:00,17693.154,3778.5322,11334.632,32806.3182
2025-11-30 03:00:00,17472.664,3727.3528,11069.006,32269.0228
2025-11-30 04:00:00,17670.732,3713.434,11189.242,32573.408000000003
2025-11-30 05:00:00,17879.115,3850.3308,11681.78,33411.2258
2025-11-30 06:00:00,17988.691,3862.088,11789.174,33639.953
2025-11-30 07:00:00,18326.434,3850.8489,12176.3,34353.5829
2025-11-30 08:00:00,18106.963,3867.7268,12505.265,34479.9548
2025-11-30 09:00:00,17982.791,3838.3767,12244.509,34065.6767
2025-11-30 10:00:00,18189.139,3817.7205,11639.824,33646.6835
2025-11-30 11:00:00,18250.26,3786.319,11181.846,33218.424999999996
2025-11-30 12:00:00,18415.488,3825.5327,11432.056,33673.076700000005
2025-11-30 13:00:00,18796.477,4058.403,12356.091,35210.971
2025-11-30 14:00:00,19504.469,4242.5034,13201.758,36948.7304
2025-11-30 15:00:00,20090.473,4299.6514,13585.588,37975.712400000004
2025-11-30 16:00:00,20412.098,4333.926,13959.827,38705.851
2025-11-30 17:00:00,20153.225,4218.266,13674.942,38046.433
2025-11-30 18:00:00,20419.574,4159.295,13721.091,38299.96
2025-11-30 19:00:00,20105.016,4129.231,14010.812,38245.059
2025-11-30 20:00:00,19884.754,4175.096,14519.525,38579.375
2025-11-30 21:00:00,19687.787,4275.106,14597.865,38560.758
2025-11-30 22:00:00,19515.014,4216.6426,13787.027,37518.6836
2025-11-30 23:00:00,18837.371,3971.832,12613.345,35422.547999999995
2025-12-01 00:00:00,17887.756,3808.2378,11371.443,33067.436799999996
2025-12-01 01:00:00,17069.252,3648.6853,10153.466,30871.4033
2025-12-01 02:00:00,16833.197,3548.3843,9735.521,30117.102300000002
2025-12-01 03:00:00,16751.637,3508.234,9603.254,29863.125
2025-12-01 04:00:00,17112.188,3516.4294,10025.451,30654.068399999996
2025-12-01 05:00:00,17556.893,3655.1016,10834.0,32045.994599999998
2025-12-01 06:00:00,18215.873,3771.7708,11859.118,33846.7618
2025-12-01 07:00:00,19064.99,3838.3171,12711.008,35614.3151
2025-12-01 08:00:00,19262.6,3910.6602,13862.004,37035.2642
2025-12-01 09:00:00,19396.797,3930.7683,14064.428,37391.9933
2025-12-01 10:00:00,20054.63,3980.4644,14057.3125,38092.4069
2025-12-01 11:00:00,20508.486,4001.2102,14101.172,38610.868200000004
2025-12-01 12:00:00,20581.25,4023.915,14289.872,38895.037
2025-12-01 13:00:00,21110.955,4311.3438,15487.235,40909.533800000005
2025-12-01 14:00:00,21742.104,4460.038,16171.033,42373.175
2025-12-01 15:00:00,22581.705,4565.942,16797.0,43944.647
2025-12-01 16:00:00,22612.385,4542.107,16871.797,44026.289
2025-12-01 17:00:00,22466.805,4416.952,16312.872,43196.629
2025-12-01 18:00:00,22314.516,4299.766,16106.439,42720.721
2025-12-01 19:00:00,22044.621,4273.9966,16318.247,42636.8646
2025-12-01 20:00:00,21548.871,4278.243,16459.4,42286.514
2025-12-01 21:00:00,21351.865,4341.304,16436.203,42129.372
2025-12-01 22:00:00,20993.234,4296.9556,15489.338,40779.5276
2025-12-01 23:00:00,20210.846,4045.9634,14064.839,38321.648400000005
2025-12-02 00:00:00,19199.549,3881.2383,12739.56,35820.3473
2025-12-02 01:00:00,18322.195,3738.9543,11646.693,33707.842300000004
2025-12-02 02:00:00,18226.248,3684.5408,11177.929,33088.7178
2025-12-02 03:00:00,17989.957,3642.5815,10921.306,32553.8445
2025-12-02 04:00:00,18206.373,3637.6714,11278.607,33122.6514
2025-12-02 05:00:00,18752.72,3823.3662,12311.568,34887.654200000004
2025-12-02 06:00:00,19158.916,3907.4988,12904.067,35970.4818
2025-12-02 07:00:00,20121.184,3985.1592,13714.767,37821.1102
2025-12-02 08:00:00,20425.842,4104.6685,14797.886,39328.3965
2025-12-02 09:00:00,20690.059,4148.628,15038.131,39876.818
2025-12-02 10:00:00,21116.393,4159.5854,14819.932,40095.9104
2025-12-02 11:00:00,21567.857,4237.641,14676.521,40482.019
2025-12-02 12:00:00,21555.736,4241.7695,14921.141,40718.6465
2025-12-02 13:00:00,22160.375,4534.3486,16075.317,42770.0406
2025-12-02 14:00:00,22688.816,4707.3936,16921.71,44317.919599999994
2025-12-02 15:00:00,23464.771,4773.5776,17449.37,45687.7186
2025-12-02 16:00:00,23674.148,4804.9136,17758.69,46237.7516
2025-12-02 17:00:00,23240.986,4648.33,16715.514,44604.83
2025-12-02 18:00:00,22982.283,4537.0767,16479.432,43998.7917
2025-12-02 19:00:00,22730.916,4520.3115,16601.283,43852.510500000004
2025-12-02 20:00:00,22227.904,4531.073,16778.367,43537.344
2025-12-02 21:00:00,21954.78,4609.1934,16678.613,43242.5864
2025-12-02 22:00:00,21566.383,4508.376,15691.184,41765.943
2025-12-02 23:00:00,20966.684,4275.5376,14470.793,39713.0146
2025-12-03 00:00:00,19823.826,4083.496,12999.439,36906.761
2025-12-03 01:00:00,18800.934,3902.5051,11819.262,34522.7011
2025-12-03 02:00:00,18537.168,3817.6458,11470.276,33825.0898
2025-12-03 03:00:00,18442.8,3779.1245,11247.823,33469.7475
2025-12-03 04:00:00,18621.12,3770.0476,11532.634,33923.8016
2025-12-03 05:00:00,19154.742,3967.696,12426.477,35548.915
2025-12-03 06:00:00,19542.357,4040.0237,13044.238,36626.6187
2025-12-03 07:00:00,20350.646,4107.967,13725.887,38184.5
2025-12-03 08:00:00,20712.55,4245.0986,14908.914,39866.562600000005
2025-12-03 09:00:00,20878.014,4286.45,15087.532,40251.996
2025-12-03 10:00:00,21304.951,4306.569,14874.433,40485.953
2025-12-03 11:00:00,21686.52,4342.29,14694.61,40723.42
2025-12-03 12:00:00,21866.875,4385.3535,15069.652,41321.8805
2025-12-03 13:00:00,22053.393,4556.6,15906.642,42516.635
2025-12-03 14:00:00,22872.09,4774.868,16816.002,44462.96
2025-12-03 15:00:00,23504.557,4833.8013,17385.025,45723.3833
2025-12-03 16:00:00,23729.072,4855.65,17446.879,46031.601
2025-12-03 17:00:00,23273.387,4677.6836,16699.623,44650.6936
2025-12-03 18:00:00,23066.354,4563.2983,16393.059,44022.7113
2025-12-03 19:00:00,22490.193,4484.955,16469.285,43444.433000000005
2025-12-03 20:00:00,22152.207,4514.7583,16741.178,43408.143299999996
2025-12-03 21:00:00,21965.787,4602.8545,16815.46,43384.101500000004
2025-12-03 22:00:00,21517.256,4519.15,15715.498,41751.904
2025-12-03 23:00:00,20892.883,4265.5913,14466.567,39625.0413
2025-12-04 00:00:00,19707.602,4058.397,13038.41,36804.409
2025-12-04 01:00:00,18839.479,3915.4463,11820.343,34575.268299999996
2025-12-04 02:00:00,18610.664,3827.5444,11497.434,33935.6424
2025-12-04 03:00:00,18477.91,3791.9473,11287.122,33556.9793
2025-12-04 04:00:00,18775.592,3784.6716,11651.156,34211.4196
2025-12-04 05:00:00,19103.223,3945.8064,12427.761,35476.790400000005
2025-12-04 06:00:00,19579.78,4059.128,13048.299,36687.207
2025-12-04 07:00:00,20244.55,4114.766,13762.009,38121.325
2025-12-04 08:00:00,20543.654,4264.3584,14922.046,39730.0584
2025-12-04 09:00:00,20830.387,4334.519,15328.986,40493.892
2025-12-04 10:00:00,21313.314,4356.8774,15148.912,40819.1034
2025-12-04 11:00:00,21629.162,4407.918,15208.024,41245.104
2025-12-04 12:00:00,21909.371,4475.403,15647.65,42032.424
2025-12-04 13:00:00,22236.332,4702.152,16592.81,43531.293999999994
2025-12-04 14:00:00,22901.98,4886.1494,17565.074,45353.2034
2025-12-04 15:00:00,23487.744,4928.601,17915.617,46331.962
2025-12-04 16:00:00,23683.807,4953.4683,18067.861,46705.1363
2025-12-04 17:00:00,23327.332,4788.6777,17146.223,45262.2327
2025-12-04 18:00:00,23117.947,4670.563,16846.318,44634.828
2025-12-04 19:00:00,22507.057,4582.733,16797.977,43887.767
2025-12-04 20:00:00,22050.727,4587.8447,16911.113,43549.6847
2025-12-04 21:00:00,22066.191,4714.3604,17058.775,43839.3264
2025-12-04 22:00:00,21538.947,4594.575,16111.6045,42245.1265
2025-12-04 23:00:00,20896.201,4342.287,14751.593,39990.081000000006
2025-12-05 00:00:00,19878.432,4169.3555,13453.691,37501.4785
2025-12-05 01:00:00,18854.156,3977.0483,12004.847,34836.0513
2025-12-05 02:00:00,18796.629,3925.6528,11811.159,34533.4408
2025-12-05 03:00:00,18546.031,3832.601,11637.057,34015.689
2025-12-05 04:00:00,18945.232,3870.6006,11944.674,34760.5066
2025-12-05 05:00:00,19295.756,4013.2847,12962.84,36271.8807
2025-12-05 06:00:00,19728.43,4098.4634,13443.48,37270.3734
2025-12-05 07:00:00,20418.092,4167.8193,14393.391,38979.302299999996
2025-12-05 08:00:00,20594.85,4289.509,15332.156,40216.515
2025-12-05 09:00:00,20742.324,4328.283,15635.276,40705.883
2025-12-05 10:00:00,21264.768,4395.9937,15576.522,41237.2837
2025-12-05 11:00:00,21545.512,4443.9233,15349.979,41339.4143
2025-12-05 12:00:00,21735.285,4470.1753,15860.376,42065.836299999995
2025-12-05 13:00:00,22093.703,4730.4604,16939.986,43764.1494
2025-12-05 14:00:00,22880.86,4915.3164,17906.615,45702.7914
2025-12-05 15:00:00,23472.043,4969.943,18101.117,46543.103
2025-12-05 16:00:00,23751.207,4994.5576,18334.295,47080.05959999999
2025-12-05 17:00:00,23259.406,4815.217,17362.09,45436.713
2025-12-05 18:00:00,23089.633,4721.935,17266.434,45078.00200000001
2025-12-05 19:00:00,22589.145,4639.4385,17212.559,44441.1425
2025-12-05 20:00:00,21998.074,4609.9165,17368.572,43976.5625
2025-12-05 21:00:00,21838.65,4707.112,17278.85,43824.612
2025-12-05 22:00:00,21495.486,4626.5986,16484.46,42606.5446
2025-12-05 23:00:00,20992.15,4395.733,15143.502,40531.385
2025-12-06 00:00:00,19824.604,4205.1733,13702.023,37731.8003
2025-12-06 01:00:00,19009.111,4060.1255,12504.859,35574.095499999996
2025-12-06 02:00:00,18796.43,3972.978,12096.404,34865.812
2025-12-06 03:00:00,18661.826,3930.9553,11858.864,34451.645300000004
2025-12-06 04:00:00,18863.99,3910.7607,12319.918,35094.6687
2025-12-06 05:00:00,19191.135,4068.5938,12956.612,36216.3408
2025-12-06 06:00:00,19725.527,4174.142,13497.715,37397.384
2025-12-06 07:00:00,20182.12,4195.772,13994.998,38372.89
2025-12-06 08:00:00,20389.842,4309.8833,15030.322,39730.047300000006
2025-12-06 09:00:00,20445.842,4327.1533,15212.554,39985.5493
2025-12-06 10:00:00,20780.09,4336.3257,15017.238,40133.6537
2025-12-06 11:00:00,21098.291,4374.4717,14784.24,40257.0027
2025-12-06 12:00:00,21232.162,4401.5947,15097.35,40731.1067
2025-12-06 13:00:00,21463.812,4619.0957,15788.555,41871.462700000004
2025-12-06 14:00:00,22160.4,4799.1445,16566.297,43525.8415
2025-12-06 15:00:00,22896.525,4881.097,16890.35,44667.972
2025-12-06 16:00:00,22851.38,4861.0107,16758.213,44470.6037
2025-12-06 17:00:00,22327.03,4670.6133,15921.836,42919.4793
2025-12-06 18:00:00,22105.896,4546.909,15551.174,42203.979
2025-12-06 19:00:00,21828.73,4502.171,15798.615,42129.515999999996
2025-12-06 20:00:00,21274.943,4506.478,15891.038,41672.459
2025-12-06 21:00:00,21205.828,4625.0576,15994.089,41824.9746
2025-12-06 22:00:00,20877.078,4556.2305,15312.69,40745.9985
2025-12-06 23:00:00,20440.176,4345.6406,14270.728,39056.544599999994
2025-12-07 00:00:00,19405.678,4150.708,12786.197,36342.583
2025-12-07 01:00:00,18431.002,3959.3408,11710.128,34100.470799999996
2025-12-07 02:00:00,18304.803,3915.6372,11393.566,33614.0062
2025-12-07 03:00:00,18143.51,3869.0527,11193.714,33206.2767
2025-12-07 04:00:00,18305.303,3860.449,11417.916,33583.668
2025-12-07 05:00:00,18567.84,3974.246,11801.282,34343.368
2025-12-07 06:00:00,18487.98,3958.6226,11892.982,34339.5846
2025-12-07 07:00:00,18953.396,3973.0713,12013.138,34939.6053
2025-12-07 08:00:00,18794.973,4002.7412,12511.283,35308.9972
2025-12-07 09:00:00,18524.357,3942.865,12363.877,34831.099
2025-12-07 10:00:00,18613.896,3901.005,11716.037,34230.938
2025-12-07 11:00:00,19008.877,3933.814,11344.201,34286.892
2025-12-07 12:00:00,18945.166,3930.2002,11592.672,34468.0382
2025-12-07 13:00:00,19325.217,4172.762,12686.647,36184.626000000004
2025-12-07 14:00:00,20065.562,4368.2217,13527.423,37961.2067
2025-12-07 15:00:00,20718.201,4409.8696,13924.705,39052.7756
2025-12-07 16:00:00,20704.57,4402.584,13900.494,39007.648
2025-12-07 17:00:00,20633.166,4316.1094,13641.508,38590.7834
2025-12-07 18:00:00,20926.21,4275.505,13817.367,39019.082
2025-12-07 19:00:00,20688.285,4267.9937,14295.314,39251.5927
2025-12-07 20:00:00,20505.621,4316.918,14677.675,39500.21399999999
2025-12-07 21:00:00,20407.28,4413.926,14785.352,39606.558
2025-12-07 22:00:00,19962.676,4309.128,14018.55,38290.354
2025-12-07 23:00:00,19494.041,4101.101,12777.786,36372.928
2025-12-08 00:00:00,18520.805,3931.4453,11383.348,33835.5983
2025-12-08 01:00:00,17580.666,3757.2488,10228.241,31566.1558
2025-12-08 02:00:00,17358.361,3657.58,9939.734,30955.675
2025-12-08 03:00:00,17332.766,3631.1155,9767.594,30731.4755
2025-12-08 04:00:00,17815.936,3664.1313,10258.814,31738.8813
2025-12-08 05:00:00,18224.004,3793.9456,11026.678,33044.6276
2025-12-08 06:00:00,18788.67,3894.0176,11870.075,34552.7626
2025-12-08 07:00:00,19593.227,3941.3303,12702.008,36236.5653
2025-12-08 08:00:00,19923.041,4043.8616,13914.269,37881.1716
2025-12-08 09:00:00,20068.143,4035.1655,14136.931,38240.239499999996
2025-12-08 10:00:00,20679.658,4083.6963,14163.378,38926.7323
2025-12-08 11:00:00,21116.695,4132.5474,14238.974,39488.2164
2025-12-08 12:00:00,21131.938,4155.714,14350.756,39638.407999999996
2025-12-08 13:00:00,21577.158,4400.4526,15473.247,41450.8576
2025-12-08 14:00:00,22417.637,4630.269,16451.926,43499.831999999995
2025-12-08 15:00:00,23089.42,4667.9927,16920.389,44677.801699999996
2025-12-08 16:00:00,23318.742,4680.9956,17040.17,45039.9076
2025-12-08 17:00:00,23117.133,4564.968,16308.908,43991.009000000005
2025-12-08 18:00:00,22852.727,4445.8237,16006.519,43305.0697
2025-12-08 19:00:00,22632.357,4413.1753,16294.558,43340.090299999996
2025-12-08 20:00:00,22301.0,4425.3735,16661.635,43388.008499999996
2025-12-08 21:00:00,21886.158,4495.047,16503.705,42884.91
2025-12-08 22:00:00,21650.475,4458.2637,15716.041,41824.7797
2025-12-08 23:00:00,20989.973,4208.4375,14277.038,39475.4485
2025-12-09 00:00:00,19795.445,4014.0322,12790.144,36599.6212
2025-12-09 01:00:00,18885.52,3877.6235,11605.007,34368.1505
2025-12-09 02:00:00,18735.121,3813.67,11355.656,33904.447
2025-12-09 03:00:00,18520.07,3783.4731,11092.045,33395.5881
2025-12-09 04:00:00,18981.73,3823.7476,11596.3545,34401.8321
2025-12-09 05:00:00,19378.566,3975.1924,12296.81,35650.5684
2025-12-09 06:00:00,19883.645,4083.6765,13000.309,36967.6305
2025-12-09 07:00:00,20740.93,4140.175,13942.47,38823.575
2025-12-09 08:00:00,20931.75,4221.6597,14969.078,40122.4877
2025-12-09 09:00:00,21151.842,4275.165,15215.297,40642.304000000004
2025-12-09 10:00:00,21644.836,4297.9556,15039.313,40982.1046
2025-12-09 11:00:00,22013.537,4359.091,14899.411,41272.039000000004
2025-12-09 12:00:00,22156.406,4396.54,15150.82,41703.766
2025-12-09 13:00:00,22671.045,4663.2085,16431.033,43765.2865
2025-12-09 14:00:00,23253.525,4843.0063,17011.002,45107.5333
2025-12-09 15:00:00,23966.363,4934.9097,17596.947,46498.2197
2025-12-09 16:00:00,24219.621,4976.9556,17672.86,46869.4366
2025-12-09 17:00:00,23640.428,4797.731,16720.873,45159.032
2025-12-09 18:00:00,23587.18,4699.2793,16514.4,44800.859300000004
2025-12-09 19:00:00,22940.352,4618.3486,16508.586,44067.2866
2025-12-09 20:00:00,22490.148,4623.133,16752.707,43865.988
2025-12-09 21:00:00,22428.506,4751.808,16988.65,44168.96400000001
2025-12-09 22:00:00,22047.38,4643.6157,15937.428,42628.4237
2025-12-09 23:00:00,21217.879,4385.0176,14444.665,40047.5616
2025-12-10 00:00:00,20043.023,4195.2676,13091.429,37329.7196
2025-12-10 01:00:00,19051.115,4025.2202,11753.969,34830.3042
2025-12-10 02:00:00,18835.604,3931.0461,11426.105,34192.755099999995
2025-12-10 03:00:00,18638.725,3873.0225,11204.036,33715.7835
2025-12-10 04:00:00,19056.084,3906.1392,11600.604,34562.8272
2025-12-10 05:00:00,19553.934,4086.5823,12432.175,36072.691300000006
2025-12-10 06:00:00,19888.791,4157.873,12990.614,37037.278
2025-12-10 07:00:00,20661.629,4208.144,13794.262,38664.035
2025-12-10 08:00:00,20970.96,4347.3286,14785.982,40104.2706
2025-12-10 09:00:00,21244.512,4393.352,15047.114,40684.977999999996
2025-12-10 10:00:00,21624.496,4405.0093,14842.923,40872.4283
2025-12-10 11:00:00,22086.254,4464.536,14825.052,41375.842000000004
2025-12-10 12:00:00,21988.188,4461.616,14957.489,41407.293
2025-12-10 13:00:00,22579.83,4743.6855,16196.153,43519.6685
2025-12-10 14:00:00,23327.041,4920.8296,16969.377,45217.2476
2025-12-10 15:00:00,24065.654,4990.883,17385.943,46442.479999999996
2025-12-10 16:00:00,24007.074,4977.8286,17351.715,46336.6176
2025-12-10 17:00:00,23689.318,4840.4556,16532.04,45061.8136
2025-12-10 18:00:00,23574.758,4739.393,16253.628,44567.779
2025-12-10 19:00:00,22947.783,4652.0845,16325.353,43925.220499999996
2025-12-10 20:00:00,22411.912,4628.5205,16514.707,43555.1395
2025-12-10 21:00:00,22237.549,4722.627,16637.047,43597.223
2025-12-10 22:00:00,21790.283,4620.292,15756.195,42166.770000000004
2025-12-10 23:00:00,21203.352,4377.643,14361.634,39942.629
2025-12-11 00:00:00,20121.307,4198.385,12854.419,37174.111000000004
2025-12-11 01:00:00,19185.508,4027.6047,11676.988,34890.1007
2025-12-11 02:00:00,18882.812,3935.7854,11321.625,34140.2224
2025-12-11 03:00:00,18572.176,3848.1804,10921.59,33341.9464
2025-12-11 04:00:00,18905.676,3874.9077,11291.815,34072.3987
2025-12-11 05:00:00,19310.586,4034.7312,12159.669,35504.9862
2025-12-11 06:00:00,19704.457,4133.5654,12784.471,36622.4934
2025-12-11 07:00:00,20659.725,4235.9385,13688.75,38584.413499999995
2025-12-11 08:00:00,20760.24,4346.978,14794.054,39901.272
2025-12-11 09:00:00,20732.324,4359.977,14875.406,39967.707
2025-12-11 10:00:00,21217.383,4384.705,14790.767,40392.855
2025-12-11 11:00:00,21455.807,4409.605,14590.579,40455.991
2025-12-11 12:00:00,21732.168,4481.1064,15097.023,41310.2974
2025-12-11 13:00:00,22182.078,4720.0957,16183.704,43085.8777
2025-12-11 14:00:00,23012.047,4934.0015,17168.947,45114.9955
2025-12-11 15:00:00,23511.162,4975.255,17320.29,45806.707
2025-12-11 16:00:00,23782.203,5019.9683,17414.818,46216.9893
2025-12-11 17:00:00,23459.613,4857.6987,16684.236,45001.5477
2025-12-11 18:00:00,23294.637,4744.63,16297.682,44336.949
2025-12-11 19:00:00,22725.182,4663.8496,16483.816,43872.8476
2025-12-11 20:00:00,22308.035,4664.4136,16692.348,43664.7966
2025-12-11 21:00:00,22051.936,4728.938,16751.814,43532.688
2025-12-11 22:00:00,21477.518,4604.9,15565.706,41648.123999999996
2025-12-11 23:00:00,20885.127,4366.5977,14313.616,39565.3407
2025-12-12 00:00:00,19895.648,4181.881,12844.88,36922.409
2025-12-12 01:00:00,18932.074,3997.071,11693.91,34623.055
2025-12-12 02:00:00,18704.062,3903.6646,11228.524,33836.2506
2025-12-12 03:00:00,18494.525,3852.862,11160.17,33507.557
2025-12-12 04:00:00,18735.992,3843.5461,11476.474,34056.0121
2025-12-12 05:00:00,18984.816,3979.625,12169.09,35133.531
2025-12-12 06:00:00,19513.46,4084.8958,12793.735,36392.0908
2025-12-12 07:00:00,20328.15,4181.7,13772.531,38282.381
2025-12-12 08:00:00,20439.805,4278.7925,14666.436,39385.0335
2025-12-12 09:00:00,20553.145,4327.9155,15057.963,39939.023499999996
2025-12-12 10:00:00,21109.244,4390.6025,14949.111,40448.957500000004
2025-12-12 11:00:00,21311.564,4393.914,14681.81,40387.288
2025-12-12 12:00:00,21374.436,4415.4956,14980.807,40770.738600000004
2025-12-12 13:00:00,22019.33,4720.7056,16232.574,42972.6096
2025-12-12 14:00:00,22712.906,4918.3223,17039.705,44670.933300000004
2025-12-12 15:00:00,23234.648,4943.4375,17394.389,45572.4745
2025-12-12 16:00:00,23255.318,4940.113,17522.307,45717.738
2025-12-12 17:00:00,22955.76,4805.9834,16736.621,44498.3644
2025-12-12 18:00:00,22989.355,4716.7,16561.715,44267.770000000004
2025-12-12 19:00:00,22420.984,4645.191,16459.447,43525.622
2025-12-12 20:00:00,21889.564,4616.534,16680.172,43186.27
2025-12-12 21:00:00,21700.805,4690.9595,16648.969,43040.7335
2025-12-12 22:00:00,21363.225,4627.267,15680.008,41670.5
2025-12-12 23:00:00,20714.512,4371.862,14575.596,39661.97
2025-12-13 00:00:00,19565.016,4148.979,12938.431,36652.426
2025-12-13 01:00:00,18680.293,4008.4111,11806.314,34495.0181
2025-12-13 02:00:00,18546.836,3944.7705,11449.754,33941.360499999995
2025-12-13 03:00:00,18344.605,3886.259,11218.057,33448.921
2025-12-13 04:00:00,18607.06,3898.7026,11432.851,33938.613600000004
2025-12-13 05:00:00,19092.354,4065.225,12129.901,35287.479999999996
2025-12-13 06:00:00,19409.617,4136.2505,12705.958,36251.8255
2025-12-13 07:00:00,20081.11,4186.4214,13405.204,37672.7354
2025-12-13 08:00:00,20242.477,4303.5396,14346.358,38892.374599999996
2025-12-13 09:00:00,20344.92,4320.616,14593.135,39258.671
2025-12-13 10:00:00,20553.293,4303.497,14218.648,39075.438
2025-12-13 11:00:00,20827.96,4330.119,14145.734,39303.812999999995
2025-12-13 12:00:00,20918.21,4355.64,14337.204,39611.054
2025-12-13 13:00:00,21355.453,4602.293,15312.239,41269.985
2025-12-13 14:00:00,22091.975,4815.9004,16164.411,43072.2864
2025-12-13 15:00:00,22578.295,4834.0923,16430.664,43843.0513
2025-12-13 16:00:00,22607.383,4851.0522,16346.67,43805.1052
2025-12-13 17:00:00,22238.834,4677.44,15408.636,42324.909999999996
2025-12-13 18:00:00,22117.795,4584.459,15147.038,41849.292
2025-12-13 19:00:00,21861.74,4546.036,15347.887,41755.663
2025-12-13 20:00:00,21374.104,4544.0166,15469.783,41387.9036
2025-12-13 21:00:00,21226.621,4640.851,15620.699,41488.171
2025-12-13 22:00:00,20886.51,4554.4604,14981.254,40422.2244
2025-12-13 23:00:00,20395.2,4319.1587,13810.471,38524.8297
2025-12-14 00:00:00,19247.363,4118.5337,12301.4795,35667.3762
2025-12-14 01:00:00,18437.795,3991.5955,11296.18,33725.5705
2025-12-14 02:00:00,18166.152,3888.2175,10922.853,32977.222499999996
2025-12-14 03:00:00,17977.621,3849.1946,10731.414,32558.2296
2025-12-14 04:00:00,17997.895,3808.3904,10801.513,32607.7984
2025-12-14 05:00:00,18087.736,3882.6384,11194.397,33164.7714
2025-12-14 06:00:00,18346.42,3935.4165,11288.885,33570.7215
2025-12-14 07:00:00,18635.354,3927.1436,11606.983,34169.480599999995
2025-12-14 08:00:00,18439.996,3936.4368,11961.338,34337.7708
2025-12-14 09:00:00,18416.186,3925.3328,11756.222,34097.7408
2025-12-14 10:00:00,18429.89,3865.3462,11099.481,33394.7172
2025-12-14 11:00:00,18759.06,3900.599,10893.467,33553.126000000004
2025-12-14 12:00:00,18697.242,3899.6445,11000.152,33597.038499999995
2025-12-14 13:00:00,19088.463,4137.2417,11969.592,35195.2967
2025-12-14 14:00:00,19933.035,4350.596,12914.565,37198.196
2025-12-14 15:00:00,20581.502,4413.412,13342.931,38337.845
2025-12-14 16:00:00,20751.875,4431.5103,13539.147,38722.532300000006
2025-12-14 17:00:00,20659.072,4335.984,13338.625,38333.681
2025-12-14 18:00:00,20820.795,4296.6123,13424.037,38541.4443
2025-12-14 19:00:00,20516.396,4260.375,13669.112,38445.883
2025-12-14 20:00:00,20193.61,4274.8555,13923.223,38391.6885
2025-12-14 21:00:00,20165.643,4377.1777,14260.824,38803.644700000004
2025-12-14 22:00:00,19741.68,4278.341,13409.598,37429.619
2025-12-14 23:00:00,19184.021,4044.661,12263.235,35491.917
2025-12-15 00:00:00,18188.424,3864.634,10769.735,32822.793
2025-12-15 01:00:00,17388.873,3727.9614,9876.306,30993.1404
2025-12-15 02:00:00,17245.428,3666.0544,9433.953,30345.435400000002
2025-12-15 03:00:00,17000.146,3599.2102,9196.265,29795.6212
2025-12-15 04:00:00,17323.79,3604.6208,9384.895,30313.305800000002
2025-12-15 05:00:00,17935.082,3772.2695,10409.828,32117.1795
2025-12-15 06:00:00,18534.172,3871.4421,11213.993,33619.6071
2025-12-15 07:00:00,19219.465,3904.1892,12117.866,35241.5202
2025-12-15 08:00:00,19536.53,3993.294,13243.55,36773.373999999996
2025-12-15 09:00:00,19766.291,4027.5056,13684.367,37478.1636
2025-12-15 10:00:00,20249.371,4051.8787,13612.521,37913.7707
2025-12-15 11:00:00,20688.498,4107.7764,13726.613,38522.8874
2025-12-15 12:00:00,20938.254,4169.133,14119.337,39226.724
2025-12-15 13:00:00,21481.771,4429.3525,15322.234,41233.3575
2025-12-15 14:00:00,22257.889,4634.7725,16014.392,42907.053499999995
2025-12-15 15:00:00,22817.045,4683.836,16524.318,44025.19899999999
2025-12-15 16:00:00,22966.713,4665.4473,16468.074,44100.2343
2025-12-15 17:00:00,22882.064,4570.2085,15968.636,43420.9085
2025-12-15 18:00:00,22874.023,4499.345,15759.839,43133.207
2025-12-15 19:00:00,22517.666,4448.5767,15971.949,42938.1917
2025-12-15 20:00:00,22062.81,4434.459,16146.862,42644.131
2025-12-15 21:00:00,21704.762,4489.7383,16096.825,42291.3253
2025-12-15 22:00:00,21411.914,4440.615,15184.234,41036.763000000006
2025-12-15 23:00:00,20866.67,4224.1694,14007.856,39098.6954
2025-12-16 00:00:00,19814.38,4057.1682,12705.923,36577.4712
2025-12-16 01:00:00,18726.336,3883.5696,11463.917,34073.8226
2025-12-16 02:00:00,18539.28,3814.3901,10938.561,33292.2311
2025-12-16 03:00:00,18378.152,3807.619,10740.925,32926.695999999996
2025-12-16 04:00:00,18635.98,3822.0505,10927.548,33385.5785
2025-12-16 05:00:00,19030.92,3972.5615,11655.386,34658.8675
2025-12-16 06:00:00,19644.703,4099.9824,12422.629,36167.3144
2025-12-16 07:00:00,20473.695,4143.886,13384.446,38002.027
2025-12-16 08:00:00,20740.73,4234.64,14383.648,39359.018
2025-12-16 09:00:00,21041.158,4283.49,14577.554,39902.202000000005
2025-12-16 10:00:00,21582.566,4336.3193,14681.755,40600.6403
2025-12-16 11:00:00,21885.24,4393.8276,14509.352,40788.4196
2025-12-16 12:00:00,22008.46,4434.672,14735.95,41179.081999999995
2025-12-16 13:00:00,22523.91,4709.3447,15871.845,43105.0997
2025-12-16 14:00:00,23230.158,4883.396,16755.988,44869.542
2025-12-16 15:00:00,23809.48,4951.694,17049.111,45810.285
2025-12-16 16:00:00,23810.254,4939.6367,16924.732,45674.6227
2025-12-16 17:00:00,23417.09,4817.85,16196.282,44431.222
2025-12-16 18:00:00,23299.178,4712.105,15912.985,43924.268
2025-12-16 19:00:00,22847.785,4649.818,15955.907,43453.509999999995
2025-12-16 20:00:00,22493.617,4681.3047,16318.771,43493.6927
2025-12-16 21:00:00,22135.68,4745.989,16345.26,43226.929000000004
2025-12-16 22:00:00,21615.496,4623.1104,15282.421,41521.0274
2025-12-16 23:00:00,21040.63,4402.9727,14074.854,39518.4567
2025-12-17 00:00:00,19818.895,4185.2227,12576.315,36580.432700000005
2025-12-17 01:00:00,18763.527,3990.8252,11279.437,34033.7892
2025-12-17 02:00:00,18660.72,3948.248,10970.398,33579.366
2025-12-17 03:00:00,18424.84,3884.7285,10780.08,33089.6485
2025-12-17 04:00:00,18727.742,3909.9634,10958.99,33596.6954
2025-12-17 05:00:00,19029.477,4050.07,11539.102,34618.649
2025-12-17 06:00:00,19511.678,4132.5854,12167.546,35811.8094
2025-12-17 07:00:00,20344.135,4233.564,13132.855,37710.554000000004
2025-12-17 08:00:00,20546.096,4316.1533,14231.166,39093.4153
2025-12-17 09:00:00,20646.299,4338.2573,14226.248,39210.8043
2025-12-17 10:00:00,21115.102,4356.031,14051.268,39522.401
2025-12-17 11:00:00,21400.016,4408.6416,13900.485,39709.1426
2025-12-17 12:00:00,21590.648,4443.0913,14200.138,40233.8773
2025-12-17 13:00:00,22103.457,4712.6235,15340.802,42156.88249999999
2025-12-17 14:00:00,23000.6,4914.05,16350.413,44265.062999999995
2025-12-17 15:00:00,23540.732,4941.386,16606.953,45089.071
2025-12-17 16:00:00,23554.566,4957.1577,16578.791,45090.5147
2025-12-17 17:00:00,23198.34,4790.747,15822.449,43811.536
2025-12-17 18:00:00,23037.396,4697.4214,15558.8125,43293.6299
2025-12-17 19:00:00,22660.111,4643.267,15753.438,43056.816
2025-12-17 20:00:00,22249.006,4646.9595,15988.715,42884.6805
2025-12-17 21:00:00,21938.584,4718.199,16046.292,42703.075
2025-12-17 22:00:00,21504.422,4603.851,15104.63,41212.903
2025-12-17 23:00:00,20795.0,4335.3276,13741.983,38872.3106
2025-12-18 00:00:00,19841.89,4183.5986,12359.138,36384.6266
2025-12-18 01:00:00,18664.734,3972.0425,11093.253,33730.029500000004
2025-12-18 02:00:00,18617.201,3924.1042,10747.357,33288.662200000006
2025-12-18 03:00:00,18463.814,3898.7107,10564.547,32927.0717
2025-12-18 04:00:00,18655.016,3877.5005,10847.561,33380.0775
2025-12-18 05:00:00,18956.16,4024.6233,11427.196,34407.9793
2025-12-18 06:00:00,19581.121,4143.076,12148.219,35872.416
2025-12-18 07:00:00,20233.271,4200.5986,13019.239,37453.1086
2025-12-18 08:00:00,20537.955,4325.905,14086.321,38950.181
2025-12-18 09:00:00,20700.646,4369.801,14465.142,39535.589
2025-12-18 10:00:00,21134.459,4401.1113,14273.654,39809.2243
2025-12-18 11:00:00,21418.566,4439.872,14274.09,40132.528
2025-12-18 12:00:00,21726.346,4514.932,14659.172,40900.450000000004
2025-12-18 13:00:00,22135.178,4737.8306,15862.664,42735.672600000005
2025-12-18 14:00:00,22783.87,4935.2837,16657.652,44376.8057
2025-12-18 15:00:00,23480.43,5005.6724,16935.898,45422.000400000004
2025-12-18 16:00:00,23558.268,4999.8687,16990.572,45548.7087
2025-12-18 17:00:00,23196.83,4846.942,16212.4795,44256.2515
2025-12-18 18:00:00,23055.05,4733.2324,15878.909,43667.191399999996
2025-12-18 19:00:00,22614.615,4668.785,16027.347,43310.747
2025-12-18 20:00:00,22206.064,4652.5454,16333.957,43192.566399999996
2025-12-18 21:00:00,22067.834,4744.108,16414.99,43226.932
2025-12-18 22:00:00,21585.719,4628.7705,15385.846,41600.3355
2025-12-18 23:00:00,20901.283,4376.7695,14034.888,39312.9405
2025-12-19 00:00:00,19953.787,4213.408,12560.841,36728.036
2025-12-19 01:00:00,19069.898,4056.986,11687.618,34814.502
2025-12-19 02:00:00,18689.674,3939.602,11068.364,33697.64
2025-12-19 03:00:00,18491.73,3882.8293,10728.132,33102.6913
2025-12-19 04:00:00,18770.346,3876.2363,11210.744,33857.3263
2025-12-19 05:00:00,19200.953,4036.6965,11844.33,35081.9795
2025-12-19 06:00:00,19653.385,4133.4214,12581.223,36368.0294
2025-12-19 07:00:00,20585.506,4215.5415,13691.104,38492.1515
2025-12-19 08:00:00,20739.393,4316.9277,14664.184,39720.5047
2025-12-19 09:00:00,20774.637,4342.705,14856.722,39974.064
2025-12-19 10:00:00,21080.734,4373.5566,14723.18,40177.4706
2025-12-19 11:00:00,21618.232,4465.0347,14663.828,40747.0947
2025-12-19 12:00:00,21694.88,4508.8823,14996.74,41200.5023
2025-12-19 13:00:00,22238.652,4782.533,16061.717,43082.902
2025-12-19 14:00:00,22800.389,4933.5415,17007.777,44741.7075
2025-12-19 15:00:00,23411.014,4979.49,17448.041,45838.545
2025-12-19 16:00:00,23566.133,5004.8325,17434.477,46005.442500000005
2025-12-19 17:00:00,23214.715,4843.9746,16535.488,44594.177599999995
2025-12-19 18:00:00,23122.51,4738.9976,16268.697,44130.2046
2025-12-19 19:00:00,22618.58,4662.2676,16273.319,43554.1666
2025-12-19 20:00:00,22025.096,4628.9346,16496.89,43150.9206
2025-12-19 21:00:00,21936.273,4737.7764,16632.38,43306.4294
2025-12-19 22:00:00,21434.072,4626.8394,15723.757,41784.6684
2025-12-19 23:00:00,20803.71,4385.066,14207.066,39395.842
2025-12-20 00:00:00,19883.201,4234.438,12938.379,37056.018000000004
2025-12-20 01:00:00,18959.637,4067.1333,11785.988,34812.7583
2025-12-20 02:00:00,18674.375,3994.3845,11263.895,33932.654500000004
2025-12-20 03:00:00,18507.531,3943.6267,11146.245,33597.4027
2025-12-20 04:00:00,18821.1,3966.173,11439.203,34226.475999999995
2025-12-20 05:00:00,19005.19,4072.768,11867.211,34945.168999999994
2025-12-20 06:00:00,19639.271,4182.8726,12525.398,36347.5416
2025-12-20 07:00:00,20219.895,4194.5806,13171.999,37586.4746
2025-12-20 08:00:00,20325.553,4299.916,14093.982,38719.451
2025-12-20 09:00:00,20401.885,4332.491,14482.817,39217.193
2025-12-20 10:00:00,20710.887,4328.0386,14108.82,39147.745599999995
2025-12-20 11:00:00,21073.91,4366.085,14020.064,39460.059
2025-12-20 12:00:00,21188.137,4414.912,14093.308,39696.357
2025-12-20 13:00:00,21472.28,4646.4937,15151.394,41270.1677
2025-12-20 14:00:00,22221.162,4830.143,16026.228,43077.532999999996
2025-12-20 15:00:00,22746.3,4884.621,16212.899,43843.82
2025-12-20 16:00:00,22776.033,4883.012,16266.288,43925.333
2025-12-20 17:00:00,22366.861,4713.227,15268.442,42348.53
2025-12-20 18:00:00,22145.072,4601.227,14877.0625,41623.3615
2025-12-20 19:00:00,21754.186,4548.459,15057.548,41360.193
2025-12-20 20:00:00,21436.764,4570.1284,15438.647,41445.539399999994
2025-12-20 21:00:00,21273.105,4650.412,15628.929,41552.445999999996
2025-12-20 22:00:00,20797.33,4531.4443,14871.666,40200.4403
2025-12-20 23:00:00,20406.771,4355.57,13718.272,38480.613
2025-12-21 00:00:00,19389.084,4165.994,12322.529,35877.606999999996
2025-12-21 01:00:00,18526.488,4017.4026,11181.556,33725.4466
2025-12-21 02:00:00,18212.74,3941.5127,10717.612,32871.8647
2025-12-21 03:00:00,17875.498,3887.6304,10560.8545,32323.982900000003
2025-12-21 04:00:00,18062.248,3871.725,10650.185,32584.157999999996
2025-12-21 05:00:00,18234.783,3979.202,11127.327,33341.312
2025-12-21 06:00:00,18304.783,3995.762,11215.31,33515.854999999996
2025-12-21 07:00:00,18856.043,3981.87,11297.331,34135.244
2025-12-21 08:00:00,18708.406,4018.4363,11893.453,34620.2953
2025-12-21 09:00:00,18486.02,3958.1113,11711.896,34156.0273
2025-12-21 10:00:00,18519.209,3898.6157,10976.857,33394.6817
2025-12-21 11:00:00,18800.775,3950.0784,10635.231,33386.0844
2025-12-21 12:00:00,18884.832,3944.6558,10970.16,33799.6478
2025-12-21 13:00:00,19241.125,4199.893,12035.944,35476.962
2025-12-21 14:00:00,20065.916,4407.937,13068.001,37541.85400000001
2025-12-21 15:00:00,20732.143,4467.969,13490.796,38690.908
2025-12-21 16:00:00,20873.883,4488.653,13688.079,39050.615
2025-12-21 17:00:00,20701.734,4368.422,13261.137,38331.293
2025-12-21 18:00:00,20893.355,4346.508,13323.695,38563.558
2025-12-21 19:00:00,20767.387,4335.71,13799.704,38902.801
2025-12-21 20:00:00,20234.395,4307.4834,14114.423,38656.301400000004
2025-12-21 21:00:00,20194.848,4423.815,14369.766,38988.429000000004
2025-12-21 22:00:00,19953.76,4355.2993,13493.49,37802.5493
2025-12-21 23:00:00,19398.613,4130.8833,12318.435,35847.931300000004
2025-12-22 00:00:00,18233.404,3910.1702,10884.497,33028.0712
2025-12-22 01:00:00,17433.78,3778.49,9765.035,30977.304999999997
2025-12-22 02:00:00,17298.164,3724.2554,9398.243,30420.6624
2025-12-22 03:00:00,17141.809,3693.0396,9243.44,30078.2886
2025-12-22 04:00:00,17503.357,3680.6409,9710.524,30894.5219
2025-12-22 05:00:00,17858.117,3820.4795,10505.226,32183.822500000002
2025-12-22 06:00:00,18625.564,3940.6365,11509.693,34075.8935
2025-12-22 07:00:00,19376.855,3962.6602,12326.26,35665.7752
2025-12-22 08:00:00,19801.771,4065.4165,13686.749,37553.936499999996
2025-12-22 09:00:00,19908.576,4070.5044,13809.211,37788.2914
2025-12-22 10:00:00,20269.482,4075.3066,13539.747,37884.5356
2025-12-22 11:00:00,20814.812,4140.9263,13888.412,38844.1503
2025-12-22 12:00:00,20974.725,4204.297,14214.268,39393.28999999999
2025-12-22 13:00:00,21441.1,4451.796,15366.892,41259.788
2025-12-22 14:00:00,22213.664,4632.0767,16273.45,43119.19070000001
2025-12-22 15:00:00,22778.662,4682.358,16548.793,44009.813
2025-12-22 16:00:00,22953.666,4694.6304,16611.537,44259.8334
2025-12-22 17:00:00,22742.441,4569.8384,15842.409,43154.6884
2025-12-22 18:00:00,22765.002,4502.3027,15704.679,42971.9837
2025-12-22 19:00:00,22393.922,4451.776,15838.913,42684.611
2025-12-22 20:00:00,21969.53,4451.986,16217.016,42638.532
2025-12-22 21:00:00,21723.102,4547.391,16378.452,42648.945
2025-12-22 22:00:00,21315.014,4458.167,15332.765,41105.945999999996
2025-12-22 23:00:00,20677.723,4221.3467,13996.394,38895.4637
2025-12-23 00:00:00,19671.684,4075.1038,12593.275,36340.0628
2025-12-23 01:00:00,18767.105,3928.2642,11436.531,34131.900200000004
2025-12-23 02:00:00,18352.29,3833.0842,10869.71,33055.0842
2025-12-23 03:00:00,18158.576,3802.769,10513.008,32474.353000000003
2025-12-23 04:00:00,18459.916,3824.301,10976.307,33260.524000000005
2025-12-23 05:00:00,18930.703,3958.5479,11733.268,34622.5189
2025-12-23 06:00:00,19556.633,4088.202,12631.949,36276.784
2025-12-23 07:00:00,20224.268,4095.4236,13387.82,37707.5116
2025-12-23 08:00:00,20572.83,4219.4272,14227.634,39019.8912
2025-12-23 09:00:00,20823.867,4264.558,14692.13,39780.555
2025-12-23 10:00:00,21126.227,4259.6143,14443.524,39829.3653
2025-12-23 11:00:00,21663.709,4359.691,14552.901,40576.301
2025-12-23 12:00:00,21839.258,4407.4414,14769.38,41016.0794
2025-12-23 13:00:00,22041.318,4622.7944,15681.889,42346.001399999994
2025-12-23 14:00:00,22834.197,4824.5977,16654.42,44313.2147
2025-12-23 15:00:00,23600.021,4913.788,17164.41,45678.219
2025-12-23 16:00:00,23752.291,4923.6143,17178.293,45854.198300000004
2025-12-23 17:00:00,23341.146,4794.767,16364.223,44500.136
2025-12-23 18:00:00,23258.34,4707.625,15966.389,43932.354
2025-12-23 19:00:00,22785.73,4655.5728,16245.113,43686.415799999995
2025-12-23 20:00:00,22376.99,4668.4746,16432.658,43478.1226
2025-12-23 21:00:00,22222.057,4752.281,16581.572,43555.91
2025-12-23 22:00:00,21623.283,4625.536,15495.177,41743.996
2025-12-23 23:00:00,20916.664,4373.5586,14165.242,39455.4646
2025-12-24 00:00:00,19538.1,4116.5327,12578.709,36233.3417
2025-12-24 01:00:00,18604.469,3980.602,11420.968,34006.039000000004
2025-12-24 02:00:00,18420.475,3918.1548,10999.54,33338.1698
2025-12-24 03:00:00,18288.635,3885.8135,10867.402,33041.8505
2025-12-24 04:00:00,18779.422,3939.294,11291.403,34010.119
2025-12-24 05:00:00,19071.535,4072.5981,11956.252,35100.3851
2025-12-24 06:00:00,19546.154,4171.0093,12639.114,36356.2773
2025-12-24 07:00:00,20513.467,4256.0264,13620.264,38389.7574
2025-12-24 08:00:00,20605.744,4332.3345,14669.77,39607.8485
2025-12-24 09:00:00,20846.879,4373.485,14852.14,40072.504
2025-12-24 10:00:00,21197.91,4387.0103,14380.582,39965.5023
2025-12-24 11:00:00,21589.014,4422.056,14448.491,40459.561
2025-12-24 12:00:00,21681.621,4450.137,14678.194,40809.952
2025-12-24 13:00:00,22134.932,4699.689,15714.316,42548.937
2025-12-24 14:00:00,22955.693,4913.8403,16689.133,44558.6663
2025-12-24 15:00:00,23698.219,4986.011,17233.246,45917.476
2025-12-24 16:00:00,23889.023,4996.189,17189.537,46074.748999999996
2025-12-24 17:00:00,23240.525,4815.808,16281.41,44337.743
2025-12-24 18:00:00,23291.123,4749.644,16219.463,44260.229999999996
2025-12-24 19:00:00,22730.404,4665.261,16262.246,43657.911
2025-12-24 20:00:00,22354.4,4688.5933,16693.17,43736.1633
2025-12-24 21:00:00,22162.854,4764.3457,16873.305,43800.5047
2025-12-24 22:00:00,21643.812,4655.192,15844.073,42143.077000000005
2025-12-24 23:00:00,20860.191,4361.0234,14359.554,39580.7684
2025-12-25 00:00:00,19752.238,4159.494,12899.883,36811.615
2025-12-25 01:00:00,18808.604,4006.6665,11661.793,34477.0635
2025-12-25 02:00:00,18438.002,3919.1694,11162.124,33519.2954
2025-12-25 03:00:00,18545.441,3912.3162,11230.131,33687.8882
2025-12-25 04:00:00,18641.027,3907.6433,11299.775,33848.4453
2025-12-25 05:00:00,18970.625,4030.9365,12024.465,35026.0265
2025-12-25 06:00:00,19557.14,4165.589,12793.036,36515.765
2025-12-25 07:00:00,20323.166,4218.1855,13592.495,38133.8465
2025-12-25 08:00:00,20589.7,4341.928,14841.088,39772.716
2025-12-25 09:00:00,20920.576,4420.287,15182.63,40523.493
2025-12-25 10:00:00,21242.951,4430.6694,15013.569,40687.1894
2025-12-25 11:00:00,21541.23,4465.108,14876.776,40883.114
2025-12-25 12:00:00,21580.982,4490.5664,15313.316,41384.8644
2025-12-25 13:00:00,22002.154,4748.4497,16438.574,43189.1777
2025-12-25 14:00:00,22798.105,4927.121,17236.512,44961.738
2025-12-25 15:00:00,23430.693,4975.469,17635.203,46041.365000000005
2025-12-25 16:00:00,23346.42,4970.1465,17665.701,45982.2675
2025-12-25 17:00:00,23310.336,4863.7725,16983.764,45157.8725
2025-12-25 18:00:00,23110.484,4756.1,16625.871,44492.455
2025-12-25 19:00:00,22679.832,4677.915,16787.861,44145.608
2025-12-25 20:00:00,22162.104,4655.153,16976.777,43794.034
2025-12-25 21:00:00,21947.764,4720.5376,17189.492,43857.7936
2025-12-25 22:00:00,21312.0,4591.764,16146.272,42050.036
2025-12-25 23:00:00,20684.908,4320.4873,14741.013,39746.4083
2025-12-26 00:00:00,19633.043,4135.5103,13301.736,37070.289300000004
2025-12-26 01:00:00,18766.24,3986.9243,12096.414,34849.5783
2025-12-26 02:00:00,18435.88,3897.1367,11645.177,33978.1937
2025-12-26 03:00:00,18380.791,3868.5347,11649.374,33898.6997
2025-12-26 04:00:00,18659.064,3881.5913,12073.18,34613.8353
2025-12-26 05:00:00,18986.719,4010.4556,12968.531,35965.7056
2025-12-26 06:00:00,19588.227,4126.3735,13499.692,37214.292499999996
2025-12-26 07:00:00,20395.598,4189.9883,14466.846,39052.4323
2025-12-26 08:00:00,20592.115,4302.8975,15303.191,40198.2035
2025-12-26 09:00:00,20598.787,4322.852,15657.097,40578.736
2025-12-26 10:00:00,20954.639,4342.5786,15424.221,40721.4386
2025-12-26 11:00:00,21371.59,4404.0874,15318.689,41094.3664
2025-12-26 12:00:00,21486.604,4445.5527,15580.893,41513.0497
2025-12-26 13:00:00,21941.676,4710.2227,16967.578,43619.4767
2025-12-26 14:00:00,22763.877,4914.898,17729.744,45408.519
2025-12-26 15:00:00,23374.635,4988.94,18111.666,46475.240999999995
2025-12-26 16:00:00,23514.498,4997.5557,18220.47,46732.523700000005
2025-12-26 17:00:00,23220.088,4841.4097,17627.55,45689.047699999996
2025-12-26 18:00:00,23068.32,4740.711,17151.287,44960.318
2025-12-26 19:00:00,22730.582,4686.633,17439.348,44856.562999999995
2025-12-26 20:00:00,22191.31,4647.3228,17623.303,44461.9358
2025-12-26 21:00:00,21849.295,4712.55,17710.848,44272.693
2025-12-26 22:00:00,21417.932,4599.121,16684.186,42701.239
2025-12-26 23:00:00,20882.209,4365.007,15437.352,40684.568
2025-12-27 00:00:00,19670.512,4151.283,13794.534,37616.329
2025-12-27 01:00:00,18743.877,4009.644,12718.322,35471.843
2025-12-27 02:00:00,18660.512,3959.3462,12366.115,34985.9732
2025-12-27 03:00:00,18463.156,3915.2053,12314.59,34692.9513
2025-12-27 04:00:00,18819.754,3954.3179,12458.498,35232.5699
2025-12-27 05:00:00,19116.291,4087.8704,13041.341,36245.5024
2025-12-27 06:00:00,19679.69,4186.3726,13721.458,37587.520599999996
2025-12-27 07:00:00,20382.818,4232.585,14469.249,39084.652
2025-12-27 08:00:00,20441.375,4330.7686,15334.968,40107.111600000004
2025-12-27 09:00:00,20421.152,4324.2617,15525.459,40270.8727
2025-12-27 10:00:00,20726.396,4333.4585,15151.982,40211.836500000005
2025-12-27 11:00:00,21002.21,4377.1533,15052.513,40431.876299999996
2025-12-27 12:00:00,21115.926,4384.8154,15346.005,40846.746399999996
2025-12-27 13:00:00,21415.316,4614.4062,16248.99,42278.7122
2025-12-27 14:00:00,22196.174,4837.9595,17062.93,44097.063500000004
2025-12-27 15:00:00,22636.463,4863.452,17168.195,44668.11
2025-12-27 16:00:00,22808.15,4853.1655,17149.98,44811.2955
2025-12-27 17:00:00,22458.613,4730.7246,16449.121,43638.4586
2025-12-27 18:00:00,22302.482,4640.1743,16059.057,43001.7133
2025-12-27 19:00:00,22000.627,4576.691,16323.787,42901.104999999996
2025-12-27 20:00:00,21498.785,4560.9565,16610.22,42669.961500000005
2025-12-27 21:00:00,21326.445,4643.517,16776.44,42746.402
2025-12-27 22:00:00,21067.266,4580.773,16175.699,41823.738
2025-12-27 23:00:00,20313.0,4288.758,14889.935,39491.693
2025-12-28 00:00:00,19325.266,4136.5444,13471.517,36933.327399999995
2025-12-28 01:00:00,18560.662,4019.9612,12458.859,35039.4822
2025-12-28 02:00:00,18066.533,3893.0808,11861.74,33821.3538
2025-12-28 03:00:00,17891.078,3842.3696,11604.069,33337.5166
2025-12-28 04:00:00,18063.549,3846.5422,11764.714,33674.8052
2025-12-28 05:00:00,18261.395,3935.526,12207.524,34404.445
2025-12-28 06:00:00,18132.938,3898.43,12082.0,34113.368
2025-12-28 07:00:00,18578.932,3916.8394,12512.39,35008.1614
2025-12-28 08:00:00,18430.498,3923.1104,12779.874,35133.4824
2025-12-28 09:00:00,18158.1,3871.4807,12443.246,34472.8267
2025-12-28 10:00:00,18583.787,3904.928,12112.609,34601.324
2025-12-28 11:00:00,18738.857,3902.5576,11840.452,34481.8666
2025-12-28 12:00:00,18790.926,3918.0112,11951.727,34660.6642
2025-12-28 13:00:00,19153.596,4146.739,12933.51,36233.845
2025-12-28 14:00:00,19865.78,4325.688,13730.345,37921.813
2025-12-28 15:00:00,20583.242,4393.8975,14138.674,39115.8135
2025-12-28 16:00:00,20803.545,4398.5977,14295.408,39497.55069999999
2025-12-28 17:00:00,20675.402,4306.365,13962.194,38943.960999999996
2025-12-28 18:00:00,20895.4,4278.791,14023.411,39197.602
2025-12-28 19:00:00,20571.107,4250.362,14380.776,39202.245
2025-12-28 20:00:00,20312.658,4261.882,14841.217,39415.757
2025-12-28 21:00:00,20139.568,4352.281,14939.331,39431.18
2025-12-28 22:00:00,19694.72,4256.187,14236.591,38187.498
2025-12-28 23:00:00,19412.656,4081.1047,13281.584,36775.3447
2025-12-29 00:00:00,18270.945,3912.1892,11798.375,33981.5092
2025-12-29 01:00:00,17436.037,3754.2734,10617.611,31807.921400000003
2025-12-29 02:00:00,17117.756,3656.0845,10136.142,30909.982500000002
2025-12-29 03:00:00,16923.633,3598.8096,9828.3125,30350.755100000002
2025-12-29 04:00:00,17345.38,3627.1685,10160.375,31132.9235
2025-12-29 05:00:00,17847.395,3766.827,11086.95,32701.172000000002
2025-12-29 06:00:00,18564.812,3866.7803,12016.395,34447.9873
2025-12-29 07:00:00,19333.361,3914.3582,12974.799,36222.5182
2025-12-29 08:00:00,19556.625,3988.6396,14059.764,37605.0286
2025-12-29 09:00:00,19790.893,4038.1418,14370.487,38199.5218
2025-12-29 10:00:00,20375.11,4079.385,14218.911,38673.406
2025-12-29 11:00:00,20882.342,4139.9204,14347.18,39369.4424
2025-12-29 12:00:00,21079.666,4178.684,14654.655,39913.005000000005
2025-12-29 13:00:00,21562.361,4441.186,15859.521,41863.068
2025-12-29 14:00:00,22303.723,4627.8066,16639.13,43570.6596
2025-12-29 15:00:00,22910.92,4671.79,16991.418,44574.128
2025-12-29 16:00:00,23193.896,4708.579,17046.953,44949.428
2025-12-29 17:00:00,22942.744,4581.506,16416.307,43940.557
2025-12-29 18:00:00,22956.393,4505.095,16253.498,43714.986000000004
2025-12-29 19:00:00,22354.137,4421.5474,16247.654,43023.3384
2025-12-29 20:00:00,22065.434,4430.668,16571.975,43068.077
2025-12-29 21:00:00,21901.861,4525.6973,16737.506,43165.0643
2025-12-29 22:00:00,21454.764,4421.3535,15739.93,41616.0475
2025-12-29 23:00:00,20824.266,4203.4287,14642.349,39670.0437
2025-12-30 00:00:00,19895.375,4065.465,13297.941,37258.781
2025-12-30 01:00:00,18814.941,3907.181,11992.86,34714.982
2025-12-30 02:00:00,18368.252,3798.0146,11365.45,33531.7166
2025-12-30 03:00:00,18373.207,3815.3804,11249.652,33438.2394
2025-12-30 04:00:00,18669.68,3823.5112,11440.768,33933.9592
2025-12-30 05:00:00,19082.871,3976.505,12248.14,35307.516
2025-12-30 06:00:00,19713.365,4088.2847,13035.05,36836.6997
2025-12-30 07:00:00,20582.754,4141.9097,14045.306,38769.9697
2025-12-30 08:00:00,20787.688,4222.0874,15034.1875,40043.9629
2025-12-30 09:00:00,21044.111,4278.088,15321.07,40643.269
2025-12-30 10:00:00,21355.572,4276.343,14860.82,40492.735
2025-12-30 11:00:00,21723.006,4318.4614,14795.962,40837.4294
2025-12-30 12:00:00,21988.24,4393.019,15152.276,41533.535
2025-12-30 13:00:00,22452.133,4646.695,16208.603,43307.431
2025-12-30 14:00:00,23105.062,4840.643,17024.95,44970.655
2025-12-30 15:00:00,23678.676,4879.091,17246.465,45804.232
2025-12-30 16:00:00,23883.803,4909.918,17328.475,46122.195999999996
2025-12-30 17:00:00,23527.01,4781.976,16574.14,44883.126
2025-12-30 18:00:00,23348.197,4697.5483,16130.357,44176.1023
2025-12-30 19:00:00,22851.535,4626.5493,16223.514,43701.5983
2025-12-30 20:00:00,22415.504,4615.6895,16618.016,43649.2095
2025-12-30 21:00:00,22161.68,4688.6787,16742.104,43592.462700000004
2025-12-30 22:00:00,21670.537,4592.8315,15785.574,42048.942500000005
2025-12-30 23:00:00,21070.514,4348.069,14637.37,40055.953
2025-12-31 00:00:00,19939.816,4156.804,13254.796,37351.416
